/*
Navicat MySQL Data Transfer

Source Server         : UesrYJL
Source Server Version : 50716
Source Host           : localhost:3306
Source Database       : corporate_genealogy

Target Server Type    : MYSQL
Target Server Version : 50716
File Encoding         : 65001

Date: 2019-01-01 10:12:17
*/

SET FOREIGN_KEY_CHECKS=0;

-- ----------------------------
-- Table structure for `t_attention_corp`
-- ----------------------------
DROP TABLE IF EXISTS `t_attention_corp`;
CREATE TABLE `t_attention_corp` (
  `ID` int(11) unsigned NOT NULL AUTO_INCREMENT COMMENT '主键',
  `USER_ID` int(11) unsigned NOT NULL COMMENT '用户ID',
  `CORP_ID` int(11) unsigned NOT NULL COMMENT '企业ID',
  PRIMARY KEY (`ID`),
  KEY `FK_ATTENTION_CORP_ID` (`CORP_ID`) USING BTREE,
  KEY `FK_ATTENTION_USER_ID` (`USER_ID`) USING BTREE,
  CONSTRAINT `FK_ATTENTION_CORP_ID` FOREIGN KEY (`CORP_ID`) REFERENCES `t_corp` (`ID`),
  CONSTRAINT `FK_ATTENTION_USER_ID` FOREIGN KEY (`USER_ID`) REFERENCES `t_user` (`ID`)
) ENGINE=InnoDB AUTO_INCREMENT=20 DEFAULT CHARSET=utf8;

-- ----------------------------
-- Records of t_attention_corp
-- ----------------------------
INSERT INTO `t_attention_corp` VALUES ('16', '3', '17');
INSERT INTO `t_attention_corp` VALUES ('17', '3', '21');
INSERT INTO `t_attention_corp` VALUES ('19', '8', '3');

-- ----------------------------
-- Table structure for `t_collect_corp`
-- ----------------------------
DROP TABLE IF EXISTS `t_collect_corp`;
CREATE TABLE `t_collect_corp` (
  `ID` int(11) unsigned NOT NULL AUTO_INCREMENT COMMENT '主键',
  `CORP_ID` int(11) unsigned NOT NULL COMMENT '企业ID',
  `USER_ID` int(11) unsigned NOT NULL COMMENT '用户ID',
  PRIMARY KEY (`ID`),
  KEY `FK_COLLECT_CORP_ID` (`CORP_ID`),
  KEY `FK_COLLECT_USER_ID` (`USER_ID`),
  CONSTRAINT `FK_COLLECT_CORP_ID` FOREIGN KEY (`CORP_ID`) REFERENCES `t_corp` (`ID`),
  CONSTRAINT `FK_COLLECT_USER_ID` FOREIGN KEY (`USER_ID`) REFERENCES `t_user` (`ID`)
) ENGINE=InnoDB AUTO_INCREMENT=22 DEFAULT CHARSET=utf8;

-- ----------------------------
-- Records of t_collect_corp
-- ----------------------------
INSERT INTO `t_collect_corp` VALUES ('18', '1', '3');
INSERT INTO `t_collect_corp` VALUES ('19', '17', '3');
INSERT INTO `t_collect_corp` VALUES ('21', '26', '3');

-- ----------------------------
-- Table structure for `t_corp`
-- ----------------------------
DROP TABLE IF EXISTS `t_corp`;
CREATE TABLE `t_corp` (
  `ID` int(11) unsigned NOT NULL AUTO_INCREMENT COMMENT '主键',
  `REG_NO` varchar(255) DEFAULT NULL COMMENT '注册号',
  `CORP_NAME` varchar(255) NOT NULL COMMENT '企业名称',
  `CORP_ADDR` varchar(255) DEFAULT NULL COMMENT '企业地址',
  `BELONG_ORG` varchar(255) DEFAULT NULL COMMENT '登记机关',
  `BELONG_DIST_ORG` varchar(255) DEFAULT NULL COMMENT '所属地区',
  `BELONG_TRADE` varchar(255) DEFAULT NULL COMMENT '所属行业',
  `ECON_KIND` varchar(255) DEFAULT NULL COMMENT '公司类型',
  `ADMIT_MAIN` varchar(255) DEFAULT NULL COMMENT '企业大类',
  `START_DATE` date DEFAULT NULL COMMENT '成立日期',
  `CHECK_DATE` date DEFAULT NULL COMMENT '核准日期',
  `OPER_MAN_IDENT_NO` varchar(255) DEFAULT NULL COMMENT '法定代表人证件编号',
  `OPER_MAN_NAME` varchar(255) DEFAULT NULL COMMENT '法定代表人名称',
  `CORP_STATUS` varchar(255) DEFAULT NULL COMMENT '经营状态（01-在业，02-注销，03-吊销，04-迁出）',
  `REG_CAPI` int(11) DEFAULT NULL COMMENT '注册资金(单位：万元)',
  `PAID_CAPI` int(11) DEFAULT NULL COMMENT '实缴资本(单位：万元)',
  `FARE_TERM_START` date DEFAULT NULL COMMENT '经营期限(起)',
  `FARE_TERM_END` varchar(255) DEFAULT NULL COMMENT '经营期限(止)',
  `FARE_SCOPE` varchar(255) DEFAULT NULL COMMENT '经营范围',
  `UNI_SCID` varchar(255) DEFAULT NULL COMMENT '统一社会信用代码',
  `CORP_TEL` varchar(255) DEFAULT NULL COMMENT '电话',
  `CORP_WEB_URL` varchar(255) DEFAULT NULL COMMENT '官网',
  `CORP_EMAIL` varchar(255) DEFAULT NULL COMMENT '邮箱',
  `CORP_LOGO` varchar(255) DEFAULT NULL COMMENT '企业Logo',
  `PRAC_PERSON_NUM` varchar(255) DEFAULT NULL COMMENT '从业人数',
  `ORG_INST_CODE` varchar(255) DEFAULT NULL COMMENT '组织机构代码',
  `TAXPAY_NUM` varchar(255) DEFAULT NULL COMMENT '纳税人识别号',
  `STAFF_SIZE` varchar(255) DEFAULT NULL COMMENT '人员规模',
  `ENGLISH_NAME` varchar(255) DEFAULT NULL COMMENT '英文名',
  `FORMER_NAME` varchar(255) DEFAULT NULL COMMENT '曾用名',
  `CREATE_DATE` date DEFAULT NULL COMMENT '创建时间',
  `CREATE_ORG` int(11) DEFAULT NULL COMMENT '创建机构代码',
  `CORP_INFO` varchar(255) DEFAULT NULL COMMENT '企业简介',
  `VALUE` varchar(255) DEFAULT NULL,
  PRIMARY KEY (`ID`),
  KEY `ID` (`ID`)
) ENGINE=InnoDB AUTO_INCREMENT=69 DEFAULT CHARSET=utf8;

-- ----------------------------
-- Records of t_corp
-- ----------------------------
INSERT INTO `t_corp` VALUES ('1', '320000000043078', '江苏星网软件有限公司', '南京市建邺区奥体大街69号 ', '南京市工商行政管理局', '江苏省', '信息传输、软件和信息技术服务业', '有限责任公司', '高新技术企业', '2002-02-08', '2018-01-05', '320521197408122026', '周炜', '在业', '3058', '3008', '2002-02-08', '无固定期限', '计算机软件开发、销售及相关产品培训,计算机应用服务,线路、管道、设备安装,电子产品及通信设备技术服务', '91320000734418166Q', ' 025-87775050', 'www.sparksoft.com.cn', 'jsxw@sparksoft.com.cn', 'img/corp_logo00002.jpg', '100-499人', '73441816-6', '91320000734418166Q', '100-499人', 'Jiangsu Sparknet Software Co., Ltd.', '——', '2017-04-26', null, '江苏星网软件有限公司是一家主要以行业软件开发与维护、通信增值业务研发与推广、安全产品销售与解决方案提供', '');
INSERT INTO `t_corp` VALUES ('2', '320300000227309', '江苏星网软件有限公司徐州分公司', '徐州市泉山区建国西路81号201室', '徐州市工商行政管理局', '江苏省', '信息传输、软件和信息技术服务业', '有限责任公司', '高新技术企业', '2009-10-21', '2017-05-02', '310521197806071034', '张虎', '在业', null, null, '2009-10-21', '无固定期限', '计算机软件开发、销售;计算机应用服务;线路、管道、设备安装;电子产品、通信设备技术服务', '91320300MA1NWPAU18', '18936009309', 'www.sparksoft.com.cn', 'jsxw@sparksoft.com.cn', 'img/corp_logo00002.jpg', '——', 'MA1NTGWL-7', '91320602MA1NTGWL74', '——', '——', '——', '2017-04-27', null, '江苏星网软件有限公司是一家主要以行业软件开发与维护、通信增值业务研发与推广、安全产品销售与解决方案提供', '');
INSERT INTO `t_corp` VALUES ('3', '320502000080633', '江苏星网软件有限公司苏州分公司', '苏州市金塘新村10幢603室', '苏州市姑苏区市场监督管理局', '江苏省', '信息传输、软件和信息技术服务业', '有限责任公司', '高新技术企业', '2009-10-14', '2017-04-20', '310521197806071034', '张虎', '在业', null, null, '2009-10-14', '无固定期限', '计算机软件开发、销售;计算机应用服务;线路、管道、设备安装;电子产品、通信设备技术服务', '91320508MA1NTPPR6X', '18936009310', 'www.sparksoft.com.cn', 'jsxw@sparksoft.com.cn', 'img/corp_logo00002.jpg', '——', 'MA1NTGWL-8', '91320602MA1NTGWL75', '——', '——', '——', '2017-04-28', null, '江苏星网软件有限公司是一家主要以行业软件开发与维护、通信增值业务研发与推广、安全产品销售与解决方案提供', '');
INSERT INTO `t_corp` VALUES ('4', '321100000093501', '江苏星网软件有限公司镇江分公司', '镇江市江滨新村49幢306室', '镇江市京口区市场监督管理局', '江苏省', '信息传输、软件和信息技术服务业', '有限责任公司', '高新技术企业', '2009-10-16', '2017-04-14', '310521197806071034', '张虎', '在业', null, null, '2009-10-16', '无固定期限', '计算机软件开发、销售;计算机应用服务;线路、管道、设备安装;电子产品、通信设备技术服务', '91321102MA1NRELRXC', '18936009311', 'www.sparksoft.com.cn', 'jsxw@sparksoft.com.cn', 'img/corp_logo00002.jpg', '——', 'MA1NTGWL-9', '91320602MA1NTGWL76', '——', '——', '——', '2017-04-29', null, '江苏星网软件有限公司是一家主要以行业软件开发与维护、通信增值业务研发与推广、安全产品销售与解决方案提供', '');
INSERT INTO `t_corp` VALUES ('5', '320802000029601', '江苏星网软件有限公司淮安分公司', '淮安市清河区北京新村11区8幢408室', '淮安市清江浦区市场监督管理局', '江苏省', '信息传输、软件和信息技术服务业', '有限责任公司', '高新技术企业', '2009-10-14', '2017-04-25', '310521197806071034', '张虎', '在业', null, null, '2009-10-14', '无固定期限', '计算机软件开发、销售;计算机应用服务;线路、管道、设备安装;电子产品、通信设备技术服务', '91320811MA1NUR8Q05', '18936009312', 'www.sparksoft.com.cn', 'jsxw@sparksoft.com.cn', 'img/corp_logo00002.jpg', '——', 'MA1NTGWL-10', '91320602MA1NTGWL77', '——', '——', '——', '2017-04-30', null, '江苏星网软件有限公司是一家主要以行业软件开发与维护、通信增值业务研发与推广、安全产品销售与解决方案提供', '');
INSERT INTO `t_corp` VALUES ('6', '320200000175554', '江苏星网软件有限公司无锡分公司 ', '无锡市扬名新村20-603 ', '无锡市梁溪区市场监督管理局', '江苏省', '信息传输、软件和信息技术服务业', '有限责任公司', '高新技术企业', '2009-10-13', '2017-07-24', '310521197806071034', '张虎', '在业', null, null, '2009-10-13', '无固定期限', '计算机软件开发、销售;计算机应用服务;线路、管道、设备安装;电子产品、通信设备技术服务', '91320200MA1NR8G27A', '18936009313', 'www.sparksoft.com.cn', 'jsxw@sparksoft.com.cn', 'img/corp_logo00002.jpg', '——', 'MA1NTGWL-11', '91320602MA1NTGWL78', '——', '——', '——', '2017-05-01', null, '江苏星网软件有限公司是一家主要以行业软件开发与维护、通信增值业务研发与推广、安全产品销售与解决方案提供', '');
INSERT INTO `t_corp` VALUES ('7', '321011000036755', '江苏星网软件有限公司扬州分公司', '玉带河新村11幢602室', '扬州市蜀冈—瘦西湖风景名胜区市场监督管理局', '江苏省', '信息传输、软件和信息技术服务业', '有限责任公司', '高新技术企业', '2009-10-23', '2017-04-17', '310521197806071034', '张虎', '在业', null, null, '2009-10-23', '无固定期限', '计算机软件开发、销售;计算机应用服务;线路、管道、设备安装;电子产品、通信设备技术服务', '91321011MA1NRW311D', '18936009314', 'www.sparksoft.com.cn', 'jsxw@sparksoft.com.cn', 'img/corp_logo00002.jpg', '——', 'MA1NTGWL-12', '91320602MA1NTGWL79', '——', '——', '——', '2017-05-02', null, '江苏星网软件有限公司是一家主要以行业软件开发与维护、通信增值业务研发与推广、安全产品销售与解决方案提供', '');
INSERT INTO `t_corp` VALUES ('8', '320602000020510', '江苏星网软件有限公司南通分公司', '南通市青年西路6号3幢105室', '南通市崇川区市场监督管理局', '江苏省', '信息传输、软件和信息技术服务业', '有限责任公司', '高新技术企业', '2009-10-15', '2017-04-19', '310521197806071034', '张虎', '在业', null, null, '2009-10-15', '无固定期限', '计算机软件开发、销售;计算机应用服务;线路、管道、设备安装;电子产品、通信设备技术服务', '91320602MA1NTGWL74', '18936009315', 'www.sparksoft.com.cn', 'jsxw@sparksoft.com.cn', 'img/corp_logo00002.jpg', '——', 'MA1NTGWL-13', '91320602MA1NTGWL80', '——', '——', '——', '2017-05-03', null, '江苏星网软件有限公司是一家主要以行业软件开发与维护、通信增值业务研发与推广、安全产品销售与解决方案提供', '');
INSERT INTO `t_corp` VALUES ('9', '320902000100300', '江苏星网软件有限公司盐城分公司', '盐城市亭湖区旭日路24号附5号', '盐城市亭湖区市场监督管理局', '江苏省', '信息传输、软件和信息技术服务业', '有限责任公司', '高新技术企业', '2009-10-14', '2017-04-18', '310521197806071034', '张虎', '在业', null, null, '2009-10-14', '无固定期限', '计算机软件开发、销售;计算机应用服务;线路、管道、设备安装;电子产品、通信设备技术服务', '91320902MA1NT6KD84', '18936009316', 'www.sparksoft.com.cn', 'jsxw@sparksoft.com.cn', 'img/corp_logo00002.jpg', '——', 'MA1NTGWL-14', '91320602MA1NTGWL81', '——', '——', '——', '2017-05-04', null, '江苏星网软件有限公司是一家主要以行业软件开发与维护、通信增值业务研发与推广、安全产品销售与解决方案提供', '');
INSERT INTO `t_corp` VALUES ('10', '320400000003085', '常州星网资讯有限公司', '常州市新北区兰翔二村13幢丙单元302室', '常州市工商行政管理局', '江苏省', '租赁和商务服务业', '——', '——', null, null, '310554198006071037', '何茹霞', '注销', '1000', '1000', null, '无固定期限', '——', '——', ' 0519-81980109', '暂无', 'chzhcredit@126.com', 'img/corp_icon.png', '——', '75733892-7', '——', '——', '——', '——', '2017-05-05', null, '——', '');
INSERT INTO `t_corp` VALUES ('11', '320125000108569', '南京汉微云计算技术有限公司', '南京市江北新区南京软件园(西区)团结路100号154室', '南京市江北新区管理委员会市场监督管理局', '江苏省', '科学研究和技术服务业', '有限责任公司（法人独资）', '——', '2010-11-24', '2017-10-17', '320321196902183048', '俞晓玫', '在业', '1000', '500', '2010-11-24', '2030/11/23', '云计算软硬件、大数据的技术开发、技术服务、技术咨询;自营和代理各类商品及技术的进出口业务', '91320191562880417G', '025-84804019', '暂无', 'njhwy1@126.com', 'img/corp_icon.png', '——', '56288041-7', '91320191562880417G', '——', '——', '——', '2017-05-06', null, '——', '');
INSERT INTO `t_corp` VALUES ('12', '320400000003036', '常州公共信用信息中心有限公司', '常州市新北区太湖东路105号', '常州市工商行政管理局', '江苏省', '信息传输、软件和信息技术服务业', '有限责任公司', '——', '2003-11-06', '2017-08-29', '320321197103283046', '贺锋', '在业', '300', '300', '2003-11-06', '2023/11/5', '第二类增值电信业务中的信息服务业务(不含固定网电话声讯服务、移动网和固定网信息服务)印章雕刻(公章类),复印、打印', '91320400755088055R', '0519-85108510', 'www.czcredit.com.cn', 'chzhcredit@126.com', 'img/corp_icon.png', '——', '75508805-5', '91320400755088055R', '——', '——', '——', '2017-05-07', null, '管理和维护常州市企业信用征信系统,经营常州市企业信用网站;开展信用信息的征集、发布和信用公告发布', '');
INSERT INTO `t_corp` VALUES ('13', '——', '常州市企业信用管理协会', '常州市新北区太湖东路105号', '常州市民政局', '江苏省', '群众团体、社会团体和其他成员组织', '社会团体', '社会团体', null, null, '320321197312133042', '王俊杰', '正常', '3', '3', '2014-08-29', '2019/8/29', '学习宣传合同法、企业信用管理办法，培训、咨询、交流、调解等', '51320400509610872B', '81980065', '暂无', '暂无', 'img/corp_icon.png', '——', '——', '——', '——', '——', '——', '2017-05-08', null, '学习宣传合同法、企业信用管理办法，培训、咨询、交流、调解等', '');
INSERT INTO `t_corp` VALUES ('14', '320508000356656', '苏州瑞华云财务共享科技有限公司', '苏州工业园区东长路88号G1幢1503室 ', '苏州工业园区市场监督管理局', '江苏省', '租赁和商务服务业', '有限责任公司', '高新技术企业', '2017-02-27', '2018-05-25', '320321197207164120', '金文龙', '在业', '300', '300', '2017-02-27', '2047/2/26', '财务共享软件研究及开发服务、信息系统运营及维护服务、数据分析服务;企业管理服务;代理记账;企业管理咨询、商务信息咨询、财税信息咨询', '91320508MA1NFGTJ5W', '0512-65001666', 'www.rhyssc.com', '757853913@qq.com', 'img/corp_logo00003.png', '——', 'MA1NFGTJ-5', '91320508MA1NFGTJ5W', '——', '——', '——', '2017-05-09', null, '财务共享软件研究及开发服务、信息系统运营及维护服务、数据分析服务', '');
INSERT INTO `t_corp` VALUES ('15', '320594000194863', '苏州贝尔普软件有限公司', '苏州工业园区星湖街328号创意产业园22-405单元', '苏州工业园区市场监督管理局', '江苏省', '信息传输、软件和信息技术服务业', '有限责任公司', '高新技术企业', '2011-05-23', '2018-01-08', '320321197207164121', '陆松鹤', '在业', '315', '315', '2011-05-23', '2031/5/22', '研发、销售:计算机软硬件、通讯产品、弱电智能系统、网络系统、监控系统,并提供相关技术转让、技术服务、技术咨询', '91320594575406423W', '13776002516', '暂无', '1029865116@qq.com', 'img/corp_icon.png', '——', '57540642-3', '91320594575406423W', '——', 'Suzhou Business Application Provider Co., Ltd.', '——', '2017-05-10', null, '智能网络控制系统设备的设计、安装;网络系统工程的设计、安装;安全防范设备的安装、维护', '');
INSERT INTO `t_corp` VALUES ('16', '——', '苏州鸿樾人才咨询有限公司', '苏州工业园区东长路88号G1幢1503室 ', '苏州工业园区市场监督管理局', '江苏省', '资本市场服务', '有限责任公司', '——', '2018-06-25', '2018-06-25', '320321197207164123', '吕纯', '在业', '100', '100', '2018-06-25', '无固定期限', '人才中介服务、企业管理咨询、商务信息咨询。', '91320594MA1WR7LWXW', '暂无', '暂无', '暂无', 'img/corp_icon.png', '——', '——', '91320594MA1WR7LWXW', '——', '——', '——', '2017-05-11', null, '人才中介服务、企业管理咨询、商务信息咨询。', '');
INSERT INTO `t_corp` VALUES ('17', '320000000003749', '江苏省科技贸易公司', '南京市湖北路85号01幢505室', '江苏省工商行政管理局', '江苏省', '租赁和商务服务业', '全民所有制', '——', '1992-08-11', '2013-06-24', '320321197207164124', '周持平', '吊销,未注销', '100', '100', '1992-08-11', '无固定期限', '一般经营项目:科技信息服务,技术服务,保健用品、日用化学品的生产、销售。', '——', '暂无', '暂无', '暂无', 'img/corp_icon.png', '——', '13476012-8', '——', '——', '——', '——', '2017-05-12', null, '建筑材料、电子计算机及配件、制冷空调设备、汽车零部件、化工原料、钢材、日用百货、家用电器(进口录像机除外', '');
INSERT INTO `t_corp` VALUES ('18', '3200001105598', '江苏世纪园林建筑工程有限公司', '南京市湖北路85号01幢408室', '江苏省工商行政管理局', '江苏省', '水利、环境和公共设施管理业', '有限责任公司', '——', '2002-07-30', '2008-07-10', '320321197207164125', '杨文新', '吊销,未注销', '100', '100', '2002-07-30', '无固定期限', '园林绿化,装修装饰,花木盆景制作、销售、出租,仿古建筑。', '——', '暂无', '暂无', '暂无', 'img/corp_icon.png', '——', '74065290-1', '——', '——', '——', '——', '2017-05-13', null, '园林绿化,装修装饰,花木盆景制作、销售、出租,仿古建筑。', '');
INSERT INTO `t_corp` VALUES ('19', '3201232000087', '南京黄山岛科技会议服务有限公司', '六合县冶山镇四合黄山水库中心岛', '南京市六合区市场监督管理局', '江苏省', '住宿和餐饮业', '有限责任公司', '——', '1998-05-06', '2005-10-09', '320321198207164335', '张铁恒', '吊销,未注销', '30', '30', '1998-05-06', '2028/5/5', '会议接待、餐饮、住宿 （服务）、花卉培育、水产养殖、工艺品（销售）。', '——', '暂无', '暂无', '暂无', 'img/corp_icon.png', '——', '13576089-1', '——', '——', '——', '——', '2017-05-14', null, '会议接待、餐饮、住宿 （服务）、花卉培育、水产养殖、工艺品（销售）。', '');
INSERT INTO `t_corp` VALUES ('20', '310109000203372', '上海苏新科贸有限公司', '上海市曲阳路851弄8号2708室', '虹口区市场监督管理局', '上海市', '批发和零售业', '其他有限责任公司', '——', '1998-01-23', '1998-01-23', '320321197207164124', '周持平', '存续（在营、开业、在册）', '100', '100', '1998-01-23', '2028/1/22', '机电设备,电脑及配件,电脑软件。 【依法须经批准的项目,经相关部门批准后方可开展经营活动】', '91310109630740396B', '021-65525523', '暂无', '暂无', 'img/corp_icon.png', '——', '63074039-6', '91310109630740396B', '——', '——', '——', '2017-05-15', null, '贸有限公司 企业资金: 50-100万元', '');
INSERT INTO `t_corp` VALUES ('21', '310000400091217', '上海宝信软件股份有限公司 ', '上海自由贸易试验区郭守敬路515号', '上海市工商行政管理局', '上海市', '信息传输、软件和信息技术服务业', '股份有限公司（中外合资、上市）', '高新技术企业', '1994-08-15', '1994-08-15', '305221197904284133', '夏雪松', '存续（在营、开业、在册）', '79102', '34092', '1994-08-15', '无固定期限', '计算机、自动化、网络通讯系统及软硬件产品的研究、设计、开发、制造、集成,及相应的外包、维修、咨询等服务', '91310000607280598W', '021-50801155', 'www.baosight.com', 'investor@baosight.com', 'img/corp_logo00004.jpg', '1000-4999人', '60728059-8', '91310000607280598W', '1000-4999人', 'Shanghai Baosight Software Co., Ltd.', '——', '2017-05-16', null, '上海宝信软件股份有限公司（简称宝信软件）是宝钢股份控股的上市软件企业', '');
INSERT INTO `t_corp` VALUES ('22', '310000000008029', '中国宝武钢铁集团有限公司', '上海自由贸易试验区世博大道1859号', '上海市工商行政管理局', '上海市', '制造业', '有限责任公司（国有独资）', '——', '1992-01-01', '1992-01-01', '305001197204284126', '马国强', '存续（在营、开业、在册）', '5279110', '5279110', '1992-01-01', '无固定期限', '经营国务院授权范围内的国有资产,开展有关国有资本投资、运营业务', '91310000132200821H', '021-20658888', 'http://www.baosteel.com', 'webmaster@baowugroup.com', 'img/corp_logo00005.jpg', '1000人以上', '13220082-1', '91310000132200821H', '1000人以上', 'Baosteel Group Corporation', '上海宝钢集团公司', '2017-05-17', null, '宝钢集团有限公司（下简称宝钢）被称为中国改革开放的产物', '');
INSERT INTO `t_corp` VALUES ('23', '510106000821755', '宝信软件(成都)有限公司', '成都市金牛区环交大智慧城二环路北一段111号西南交通大学创新大厦25楼2516', '金牛区市场和质量监督管理局', '四川省', '信息传输、软件和信息技术服务业', '有限责任公司', '高新技术企业', '2017-09-29', '2017-09-29', '305001197604284132', '余秉东', '存续（在营、开业、在册）', '5000', '5000', '2017-09-29', '3999/1/1', '交通、建筑、环境、医疗、能源等领域的工程设计、施工、运行维护;云计算、大数据、人工智能技术开发及服务', '91510106MA6BXEWR08', '028-86085822', '暂无', 'hejingling@baosight.com', 'img/corp_icon.png', '——', 'MA6BXEWR-0', '91510106MA6BXEWR08', '——', '——', '——', '2017-05-18', null, '产品开发;系统集成;电子工程、机电工程、环保工程、水利工程', '');
INSERT INTO `t_corp` VALUES ('24', '120000000026069', '天津众智天成科技有限公司', '天津西青区学府工业区才智道35号3号楼七层706 ', '天津市市场和质量监督管理委员会', '天津市', '科学研究和技术服务业', '有限责任公司', '高新技术企业', '2015-09-23', '2016-03-15', '305001197604284133', '李明智', '存续（在营、开业、在册）', '10000', '10000', '2015-09-23', '2030/9/22', '计算机、网络通讯系统及软硬件产品的研发、设计、开发、集成、及相应的外包、维修、咨询等服务;智能交通、智能建筑', '91120000MA05P0702J', '022-58716507', 'http://www.zztcgroup.com', 'wudi@zztcgroup.com', 'img/corp_icon.png', '——', 'MA05P070-2', '91120000MA05P0702J', '——', '——', '——', '2017-05-19', null, '商务信息咨询服务。', '');
INSERT INTO `t_corp` VALUES ('25', '315202060644567', '江苏省科学技术协会', '——', null, '江苏省', '群众团体、社会团体和其他成员组织', null, '——', null, null, null, null, '正常', null, null, null, '无固定期限', '——', '暂无', '暂无', 'www.jskx.org.cn', '暂无', 'img/corp_icon.png', '——', '——', '——', '——', '——', '——', '2018-05-19', null, '——', ' ');
INSERT INTO `t_corp` VALUES ('26', '320191000034322', '江苏鹏为软件有限公司', '南京市江北新区研创园团结路99号孵鹰大厦A座10层', '南京市江北新区管理委员会市场监督管理局', '江苏省', '信息传输、软件和信息技术服务业', '有限责任公司', '高新技术企业', '2014-06-26', '2018-01-04', '305201198802081133', '方静燕', '在业', '1000', '1000', '2014-06-26', '无固定期限', '计算机软硬件研发、销售及技术咨询和培训、技术服务;电子商务技术服务;系统集成;企业管理咨询服务', '9132019130250532XB', '13851455591', 'www.jspmway.com', '2727768227@qq.com', 'img/corp_logo00001.jpg', '100-499人', '30250532-X', '9132019130250532XB', '100-499人', '——', '——', '2017-05-20', null, '系统集成;企业管理咨询服务;企业管理培训', '');
INSERT INTO `t_corp` VALUES ('27', '——', '鹏为文化发展有限公司', '南京市江北新区研创园团结路99号孵鹰大厦A座10层', '南京市江北新区管理委员会市场监督管理局', '安徽省', '文化艺术业', '有限责任公司', '——', '2018-06-06', '2018-06-06', '305201198802081133', '方静燕', '在业', '5000', '5000', '2018-06-06', '无固定期限', '文化艺术交流;文化活动策划;设计、制作、代理国内各类广告;企业形象策划', '91320191MA1WNE5463', '暂无', '暂无', '暂无', 'img/corp_icon.png', '——', '——', '91320191MA1WNE5463', '——', '——', '——', '2017-05-21', null, '化用品、工艺美术品、电子产品、礼品的销售;装潢设计;展览展示策划', '');
INSERT INTO `t_corp` VALUES ('28', '——', '南京众创企业服务有限公司', '南京市江北新区团结路99号孵鹰大厦A座10层', '南京市江北新区管理委员会市场监督管理局', '江苏省', '资本市场服务', '有限责任公司', '——', '2018-05-09', '2018-05-09', '305201198802081133', '方静燕', '在业', '1000', '1000', '2018-05-09', '无固定期限', '商务咨询服务;工商登记代理服务;会计服务;企业管理咨询服务;知识产权服务;礼仪服务;市场调查', '91320191MA1WHBXM0X', '暂无', '暂无', '暂无', 'img/corp_icon.png', '——', '——', '91320191MA1WHBXM0X', '——', '——', '——', '2017-05-22', null, '经济信息咨询;网站建设;企业营销策划;办公设备租赁;办公服务', '');
INSERT INTO `t_corp` VALUES ('29', '321091000090855', '扬州中鹏科技服务有限公司', '扬州市经济开发区扬子江中路186号智谷大厦B楼12层 ', '扬州经济技术开发区市场监督管理局', '浙江省', '信息传输、软件和信息技术服务业', '有限责任公司', '——', '2016-10-24', '2016-11-08', '305201198802081133', '方静燕', '在业', '100', '100', '2016-10-24', '无固定期限', '计算机软硬件技术开发、技术咨询、技术服务及销售;电子商务技术服务;信息系统集成服务;企业管理咨询', '91321091MA1MXKEP7C', '17368686774', '暂无', '2727768227@qq.com', 'img/corp_icon.png', '——', '——', '91321091MA1MXKEP7C', '——', '——', '——', '2017-05-23', null, '企业管理咨询;非学历、非职业技能、非职业证书培训', '');
INSERT INTO `t_corp` VALUES ('30', '320407000345606', '常州中兴鹏为移动医疗科技有限公司', '常州市新北区太湖东路9号2幢2105室', '常州国家高新区（新北区）市场监督管理局', '江苏省', '信息传输、软件和信息技术服务业', '', '——', '2016-03-28', '2016-03-28', '305201198602181124', '马玉龙', '在业', '200', '200', '2016-03-28', '无固定期限', '移动医疗软件的研发;计算机软硬件及网络技术开发、技术转让、技术咨询及技术服务;计算机系统集成;计算机技术培训', '91320411MA1MGXEC3L', '0519-86915958', '暂无', 'qhsoft_new@163.com', 'img/corp_icon.png', '——', 'MA1MGXEC3', '91320411MA1MGXEC3L', '——', '——', '——', '2017-05-24', null, '含国家统一认可的职业证书类培训);计算机及配件、办公自动化设备的销售;自营和代理各类商品和技术的进出口业务', '');
INSERT INTO `t_corp` VALUES ('31', '320191000037634', '江苏鹏为置业有限公司', '南京市高新开发区南京软件园(西区)团结路100号139室', '南京市江北新区管理委员会市场监督管理局', '江苏省', '房地产业', '有限责任公司', '——', '2015-01-09', '2016-04-29', '305201198802081133', '方静燕', '在业', '7000', '7000', '2015-01-09', '无固定期限', '房地产开发与销售;物业管理', '91320191302753104X', '13851455591', '暂无', '2727768227@qq.com', 'img/corp_icon.png', '——', '30275310-4', '91320191302753104X', '——', '——', '——', '2017-05-25', null, '房地产开发与销售;物业管理。', '');
INSERT INTO `t_corp` VALUES ('32', '440301109475568', '深圳市鹏为建设有限公司', '深圳市罗湖区清水河街道红岗路1106号越众产业园1栋6楼', '深圳市市场监督管理局', '广东省', '建筑业', '有限责任公司', '——', '2014-05-30', '2018-03-13', '305201198603271167', '付小雄', '存续（在营、开业、在册）', '5000', '5000', '2014-05-30', '无固定期限', '建筑工程施工、装饰、装修(取得建设行政主管部门颁发的资质证书方可经营);电气安装;管道和设备安装;外墙粉刷', '91440300305812560W', '0755-83292833', '暂无', '313927204@qq.com', 'img/corp_icon.png', '100-499人', '30581256-0', '91440300305812560W', '100-499人', '——', '——', '2017-05-26', null, '石林养护;楼宇、工业管道清洗;机械设备租赁(不配备操作人员的机械设备租赁,不包括金融租赁活动);劳务派遣;国内贸易', '');
INSERT INTO `t_corp` VALUES ('33', '340000000016368', '科大讯飞股份有限公司', '合肥市高新开发区望江西路666号', '安徽省工商行政管理局', '安徽省', '信息传输、软件和信息技术服务业', '其他股份有限公司(上市)', '高新技术企业', '1999-12-30', '2018-07-02', '305201198602181124', '刘庆峰', '存续（在营、开业、在册）', '2082480000', '80087', '1999-12-30', '无固定期限', '增值电信业务,专业技术人员培训,计算机软、硬件开发、生产和销售及技术服务,系统工程、信息服务,电子产品、计算机通讯设备研发、生产、销售,进出口业务,安全技术防范工程,房屋租赁,物业管理服务,设计、制作、代理、发布广告,移动通信设备的研发、销售,图书、电子出版物销售。(以上依法须经批准的项目经相关部门批准后方可开展经营活动)。', '	91340000711771143J', ' 0551-65309172 ', 'www.iflytek.com ', 'mmzhao@iflytek.com', 'img/corp_logo00006.jpg', '1000-4999人', '	71177114-3', '91340000711771143J', '	1000-4999人', 'Anhui Keda Xunfei Information Technology Co., Ltd.', '安徽科大讯飞信息科技股份有限公司  ', '1999-12-30', null, '科大讯飞股份有限公司是一家专业从事智能语音及语言技术、人工智能技术研究，软件及芯片产品开发，语音信息服务及电子政务系统集成的国家级骨干软件企业。公司的智能语音核心技术代表了世界的最高水平。2008年，科大讯飞在深圳证券交易所挂牌上市，股票代码：002230 。\r\n科大讯飞成立于1999年，是我国产业化实体中，在语音技术领域中基础研究时间最长、资产规模最大、历届评测成绩最好、专业人才最多及市场占有率最高的公司。', null);
INSERT INTO `t_corp` VALUES ('34', '440301109475568', '西安讯飞超脑信息科技有限公司', '西安市高新区西安高新区软件新城天谷八路156号云汇谷D座101', '西安市工商行政管理局高新分局', '陕西省', '——', '有限责任公司(法人独资)', '——', '2018-07-05', '2018-07-05', '305201198802081133', '赵志伟', '开业', '3000', '3000', '2018-07-05', '2028-07-04', '服务:数据处理和存储、数字内容、网络技术、系统集成、信息咨询;服务、咨询:信息技术;销售:电子产品、通讯器材;咨询:企业管理、软件技术、网络工程技术、网络信息;教育信息咨询(不含培训);教育科技产品研发;仪器仪表、教学器材的生产、研发、销售;计算机软硬件开发、生产、销售;系统集成工程、建筑智能化系统工程、楼宇自控工程、防盗监控工程、消防报警系统工程、建筑装修装饰工程、安全技术防范工程、景观照明工程、环境工程、防雷工程、建筑节能工程的设计、施工;设计、制作、代理、发布广告', '	91610131MA6W07LT77', '暂无', '暂无', '暂无', 'img/corp_icon.png', '-', '-', '	91610131MA6W07LT77', '-', '-', '-', '2018-07-05', null, '——', null);
INSERT INTO `t_corp` VALUES ('35', '——', '新育文教育科技(北京)有限公司', '北京市海淀区永澄北路2号院1号楼B座三层3009-320号', '北京市工商行政管理局海淀分局', '北京市', '教育', '有限责任公司(自然人投资或控股)', '——', '2018-04-27', '2018-08-02', null, '陈钊', '开业', '133', '133', '2018-04-27', ' 2038-04-26', '教育咨询(中介服务除外);数据处理(数据处理中的银行卡中心、PUE值在1.5以上的云计算数据中心除外);技术开发、技术推广、技术转让、技术咨询、技术服务;计算机系统服务;基础软件服务;应用软件服务;软件开发;软件咨询;产品设计;模型设计;包装装潢设计;经济贸易咨询;文化咨询;体育咨询;公共关系服务;工艺美术设计;电脑动画设计;企业策划;设计、制作、代理、发布广告;市场调查;企业管理咨询;组织文化艺术交流活动', '91110108MA01BQQ12Y', '暂无', '暂无', '暂无', 'img/corp_icon.png', '——', '——', '91110108MA01BQQ12Y', '——', '——', '——', '2018-04-27', null, '——', null);
INSERT INTO `t_corp` VALUES ('36', '——', '徐州讯飞智能科技有限公司 ', '徐州市泉山区软件园路6号徐州软件园C1号楼B座101室', '徐州市泉山区市场监督管理局', '江苏省', '	批发和零售业', '有限责任公司（法人独资）', '——', '2018-04-27', '2018-04-27', '', '黄飞云', '在业', '800', '800', '2018-04-27', '2028-04-26', '教育、医疗、政务软件研发、测试、销售;教学设备、仪器仪表开发、销售;教育咨询服务(不含教育、出国留学咨询及中介服务);计算机软、硬件及辅助设备开发、销售;系统工程、信息服务;', '	91320311MA1WFEQH28', '暂无', '暂无', '暂无', 'img/corp_icon.png', '——', '——', '	91320311MA1WFEQH28', '——', '——', '——', '2018-04-27', null, '——', null);
INSERT INTO `t_corp` VALUES ('37', '——', '云南讯滇智能科技有限公司', '云南省昆明市五华区学府路690号金鼎科技园内17号平台B座一、二、五层 ', '五华区市场监督管理局', '云南省', '批发和零售业', '有限责任公司（非自然人投资或控股的法人独资）', '——', '2018-03-28', '2018-03-28', null, '徐玉林', '存续（在营、开业、在册）', '1000', '1000', '2018-03-28', '2028-03-27', '软件开发;信息系统集成服务;通信系统设备制造;房地产中介服务;房地产租赁经营;物业管理;设计、制作、代理、发布国内各类广告;教育信息咨询(不得开展教育培训);建筑智能化工程、安全技术防范工程、防雷工程、消防工程、环保工程的施工;住宅装饰和装修;增值电信业务;电子产品、通讯设备、计算机', '91530102MA6N2LDP4J', '暂无', '暂无', '暂无', 'img/corp_icon.png', '——', '——', '91530102MA6N2LDP4J', '——', '——', '——', '2018-03-28', null, '——', null);
INSERT INTO `t_corp` VALUES ('38', '——', '重庆大永讯飞智能科技有限公司', '	重庆市永川区和顺大道799号(永川区软件与信息服务外包产业园B区2号楼2层) ', '重庆市工商行政管理局永川区分局', '重庆市', '批发和零售业', '有限责任公司', '——', '2018-03-07', '2018-03-07', null, '徐玉林', '存续(在营、开业、在册)', '1000', '1000', '2018-03-07', '	2018-03-07', '计算机信息技术、计算机软硬件、电子商务领域内的技术开发、技术咨询、技术转让、技术服务;教育科技产品销售;大数据服务;智慧城市系统设计与集成;建筑智能化系统、楼宇自控系统及设备、消防报警系统、防盗监控系统及设备销售;旅游信息咨询;市场营销策划;会务服务。(依法须经批准的项目,经相关部门批准后方可开展经营活动)■', '	91500118MA5YRRL36A', '暂无', '暂无', '暂无', 'img/corp_icon.png', '——', '——', '91500118MA5YRRL36A', '——', '——', '——', '2018-03-07', null, '——', null);
INSERT INTO `t_corp` VALUES ('39', '——', '雄安讯飞人工智能科技有限公司', '	河北省保定市容城县领秀金街A-72-2 ', '雄安新区公共服务局', '河北省', '科学研究和技术服务业', '有限责任公司（非自然人投资或控股的法人独资）', '——', '2018-02-13', '2018-02-13', null, '江涛', '	存续（在营、开业、在册）', '10000', '10000', '2018-02-13', '2028-02-12', '计算机软、硬件开发、销售及技术服务;电子产品、计算机通讯设备研发、销售;设计、制作、代理、发布广告;移动通信设备的研发、销售;图书、电子出版物销售。(依法须经批准的项目,经相关部门批准后方可开展经营活动)', '91130629MA09RTRW5Q', '暂无', '暂无', '暂无', 'img/corp_icon.png', '——', '——', '	91130629MA09RTRW5Q', '——', '——', '——', '2018-02-13', null, '——', null);
INSERT INTO `t_corp` VALUES ('40', '——', '科大讯飞(苏州)科技有限公司', '苏州工业园区金鸡湖大道88号E4单元', '苏州工业园区市场监督管理局', '江苏省', '科学研究和技术服务业', '有限责任公司（法人独资）', '——', '2018-02-05', '2018-02-05', null, '张友国', '在业', '5000', '5000', '2018-02-05', '2028-02-04', '研发、销售:计算机软硬件、电子产品、通讯设备、机电设备、科教用品,并提供相关技术服务;增值电信业务;计算机信息系统集成;承接:建筑智能化工程、安防工程、消防工程、建筑装修装饰工程、景观工程、照明工程、环境工程、机电工程;销售:五金交电、机械设备、文具、玩具;自有房屋租赁、物业管理;设计、制作、代理、发布:国内各类广告;从事上述商品及技术的进出口业务。(依法须经批准的项目,经相关部门批准后方可开展经营活动)', '	91320594MA1W0XHR72', '暂无', '暂无', '暂无', 'img/corp_icon.png', '——', '——', '91320594MA1W0XHR72', '——', '——', '——', '2018-02-05', null, '——', null);
INSERT INTO `t_corp` VALUES ('41', '——', '海南声谷科技有限公司 ', '海南省海口市美兰区国兴大道5号海南大厦海南数据谷海创空间3层307办公室', '海口市工商行政管理局', '海南省', '科学研究和技术服务业', '有限责任公司（非自然人投资或控股的法人独资）', '——', '2018-01-29', '2018-01-29', null, '徐玉林', '存续（在营、开业、在册）', '3000', '3000', '2018-01-29', '2028-01-28', '教育科技产品研发及相关服务;教育软件产品研发销售;教学仪器与装备研发、销售;科学仪器仪表、科技教育装备、电化教育装备生产、研发、销售;教育咨询(不含教育、出国留学咨询及中介服务);考试产品开发,教育培训;计算机软硬件开发、生产、销售;网络系统工程、技术服务;', '	91460100MA5T3742XX', '暂无', '暂无', '暂无', 'img/corp_icon.png', '——', '——', '	91460100MA5T3742XX', '——', '——', '——', '2018-01-29', null, '——', null);
INSERT INTO `t_corp` VALUES ('42', '	420100000884318', '武汉讯飞兴智科技有限公司', '武汉市东湖新技术开发区关山大道1号光谷软件园1.1期产业楼A2栋2层 ', '武汉东湖新技术开发区市场监督管理局', '湖北省', '信息传输、软件和信息技术服务业', '有限责任公司（非自然人投资或控股的法人独资）', '——', '2017-11-24', '2017-11-24', null, '吴晓如', '	存续（在营、开业、在册）', '10000', '10000', '2017-11-24', ' 2027-11-23', '计算机软硬件的技术开发、技术咨询、技术转让、技术服务及生产;计算机软硬件、电子产品、通讯设备(不含无线发射设备)、机电设备、五金交电、普通机械设备、家用电器、建筑节能产品、教学仪器及软件、图书及电子出版物(凭许可证在核定期限内经营)的批发兼零售;集成电路设计;游戏软件设计制作;信息系统集成服务;数据处理和存储服务;信息技术咨询服务;教育咨询(不含中小学文化类教育培训)', '	91420100MA4KX5DT6L', ' 18118101168', '暂无', ' xychen11@iflytek.com', 'img/corp_icon.png', '——', '——', '91420100MA4KX5DT6L', '——', '——', '——', '2017-11-24', null, '——', null);
INSERT INTO `t_corp` VALUES ('43', '		120118000306286', '天津智汇谷科技服务有限公司', '天津自贸试验区(空港经济区)空港国际物流区第二大街1号312室 ', '天津市自贸区市场监管局', '天津市', '科学研究和技术服务业', '有限责任公司(法人独资)', '——', '2017-10-23', '2018-07-12', null, '江涛', '存续（在营、开业、在册）', '20000', '20000', '2017-10-23', '2037-10-22', '技术开发、技术咨询、技术推广、技术转让、技术服务;计算机系统服务;数据处理服务;计算机维修;基础软件服务;应用软件服务;计算机软硬件及辅助设备、机械设备、电子产品、通讯设备的销售;设计、制作、代理、发布广告;房屋中介服务;房屋租赁;场地租赁(依法须经批准的项目,经相关部门批准后方可开展经营活动)', '91120118MA05X7HE36', ' 022-58218300', '暂无', ' smzheng@iflytek.com', 'img/corp_icon.png', '——', '——', '91330109MA2AX0MW1C', '——', '——', '——', '2017-10-23', null, '——', null);
INSERT INTO `t_corp` VALUES ('44', '		510110000149320', '四川讯飞超脑信息科技有限公司', '中国(四川)自由贸易试验区成都市天府新区正兴街道湖畔路北段366号7栋1单元108号 ', '天府新区成都片区工商行政管理局', '四川省', '信息传输、软件和信息技术服务业', '有限责任公司（非自然人投资或控股的法人独资）', '——', '2017-10-17', '2018-03-26', null, '徐玉林', '存续（在营、开业、在册）', '1000', '1000', '2017-10-17', '2017-10-17', '计算机软硬件技术开发、技术服务;信息技术开发、技术推广、技术转让、技术咨询、技术服务;楼宇智能化工程、防雷工程、建筑节能工程施工;销售安防设备、教育软硬件;知识产权服务;文艺创作;组织文化艺术交流活动。(依法须经批准的项目,经相关部门批准后方可开展经营活动)。第二类增值电信业务(未取得相关行政许可(审批),不得开展经营活动)。', '91510100MA6C51FP9C', '028-65733500', '暂无', '暂无', 'img/corp_icon.png', '——', '——', '	91510100MA6C51FP9C', '——', '——', '——', '2017-10-17', null, '——', null);
INSERT INTO `t_corp` VALUES ('45', '	340191000129717', '浙江讯飞智能科技有限公司', '浙江省杭州市萧山区萧山经济技术开发区启迪路198号A-B102-930室 ', '杭州市萧山区市场监督管理局', '浙江省', '信息传输、软件和信息技术服务业', '有限责任公司（自然人投资或控股的法人独资）', '——', '2017-09-18', '2017-09-18', null, '徐玉林', '存续', '3000', '3000', '2017-09-18', '9999-09-09', '教学仪器与装备研发、销售;计算机软硬件的研发、销售;承接:计算机系统工程、建筑智能化系统工程、安防工程、景观照明工程、环境工程、防雷工程、建筑节能工程;设计、制作、代理发布国内广告;人工智能领域的产品研发与销售**(依法须经批准的项目,经相关部门批准后方可开展经营活动)', '91330109MA2AX0MW1C', '13331679956', '暂无', '653102143@qq.com', 'img/corp_icon.png', '——', '——', '91330109MA2AX0MW1C', '——', '——', '——', '2017-09-18', null, '——', null);
INSERT INTO `t_corp` VALUES ('46', '	520181000365770', '贵州讯飞智联科技有限公司 ', '贵州省贵阳市清镇市职教城东区将军石路 ', '贵阳市清镇市市场监督管理局', '贵州省', '信息传输、软件和信息技术服务业', '其他有限责任公司', '——', '2017-09-08', '2017-09-08', null, '华夏', '存续（在营、开业、在册）', '1000', '1000', '2017-09-08', '2017-09-08', '法律、法规、国务院决定规定禁止的不得经营;法律、法规、国务院决定规定应当许可(审批)的,经审批机关批准后凭许可(审批)文件经营;法律、法规、国务院决定规定无需许可(审批)的,市场主体自主选择经营。(呼叫产业园的规划、建设、运营;人工智能产品研发、生产、销售;电话呼叫业务', '91520181MA6EA04868', '18955188880', '暂无', ' huaxia@iflydata.cn', 'img/corp_icon.png', '——', '——', '91520181MA6EA04868', '——', '——', '——', '2017-09-08', null, '——', null);
INSERT INTO `t_corp` VALUES ('47', '	340191000129717', '安徽讯飞云创科技有限公司', '合肥市高新区望江西路666号科大讯飞语音基地一期项目研发中心大楼14层 ', '合肥市高新开发区市场监督管理局', '安徽省', '科学研究和技术服务业', '有限责任公司（非自然人投资或控股的法人独资）', '——', '2017-09-01', '2017-09-01', null, '胡郁', '存续（在营、开业、在册）', '10000', '10000', '2017-09-01', '2047-08-31', '计算机技术开发、技术转让、技术咨询、技术服务;计算机系统服务;数据处理;基础软件服务;应用软件服务;互联网信息技术服务;经济贸易咨询;股权投资。(依法须经批准的项目,经相关部门批准后方可开展经营活动)', '91340100MA2P0AM27F', '0551-65309174', '暂无', ' mmzhao@iflytek.com', 'img/corp_icon.png', '——', '——', '91340100MA2P0AM27F', '——', '——', '——', '2017-06-14', null, '——', null);
INSERT INTO `t_corp` VALUES ('48', '——', '贵州科讯慧黔信息科技有限公司 ', '贵州省贵阳市清镇市红旗路130号', '贵阳市清镇市市场监督管理局', '贵州省', '信息传输、软件和信息技术服务业', '其他有限责任公司', '——', '2017-06-14', '2017-06-14', null, '徐玉林', '存续（在营、开业、在册）', '1000', '1000', '2017-06-14', '	2017-06-13', '	法律、法规、国务院决定规定禁止的不得经营;法律、法规、国务院决定规定应当许可(审批)的,经审批机关批准后凭许可(审批)文件经营;法律、法规、国务院决定规定无需许可(审批)的,市场主体自主选择经营。', '91520181MA6E4CDY6A', '18285088743', '暂无', '16668095@qq.com', 'img/corp_icon.png', '——', '——', '	91520181MA6E4CDY6A', '——', '——', '——', '2017-06-14', null, '——', null);
INSERT INTO `t_corp` VALUES ('49', '	220104200582367', '吉林科讯教育科技有限公司', '吉林省长春市朝阳区前进大街996号力旺广场B座16楼1631室 ', '长春市工商行政管理局朝阳分局', '吉林省', '信息传输、软件和信息技术服务业', '	其他有限责任公司', '——', '2017-05-31', '2017-05-31', null, '徐玉林', '存续（在营、开业、在册）', '1000', '1000', '2017-05-31', '2017-05-31 ', '软件产品、教学仪器与装备、科技教育装备、电化教育装备、电子产品、计算机通讯设备研发、销售;计算机软硬件开发、销售、技术推广、技术孵化、技术转让、技术咨询、技术服务;系统集成,计算机网络工程,移动互联网产品、电子教材及电子教辅产品研发、', '91220104MA147TTG5H', '暂无', '暂无', '暂无', 'img/corp_icon.png', '——', '——', '	91220104MA147TTG5H', '——', '——', '——', '2017-05-31', null, '——', null);
INSERT INTO `t_corp` VALUES ('50', '	340191000106340', '安徽讯飞优选机器人教育科技有限公司', '合肥市高新区创新大道2800号创新产业园二期H2楼501室', '合肥市高新开发区市场监督管理局', '安徽省', '科学研究和技术服务业', '其他有限责任公司', '——', '2017-01-19', '2017-01-19', null, '钟锟', '存续（在营、开业、在册）', '3000', '3000', '2017-01-19', '2017-01-18', '机器人技术的研究、开发、推广、转让、服务、咨询;计算机系统服务;计算机、软件及辅助设备、电子产品、机械设备的销售。(依法须经批准的项目,经相关部门批准后方可开展经营活动)', '91340100MA2NBRC87H', '0551-65309174', '暂无', 'mmzhao@iflytek.com', 'img/corp_icon.png', '——', '——', '91340100MA2NBRC87H', '——', '——', '——', '2017-01-19', null, '——', null);
INSERT INTO `t_corp` VALUES ('51', '	340191000105316', '安徽东方讯飞教育科技有限公司', '合肥市高新区望江西路666号二号楼316室', '合肥市高新开发区市场监督管理局', '安徽省', '教育', '其他有限责任公司', '——', '2017-01-10', '2017-01-10', null, '吴晓如', '存续（在营、开业、在册）', '2000', '2000', '2017-01-10', '2017-01-19', '教育教学技术转让、技术开发、技术咨询、技术服务;翻译服务;教育软件开发;销售自行开发的软件产品;组织文化艺术交流活动;销售计算机、软件及辅助设备、电子产品;计算机系统服务;教育咨询;设计、制作、代理、发布广告;电脑动画设计。(依法须经批准的项目,经相关部门批准后方可开展经营活动)', '91340100MA2NBB3A2U', '0551-65309172', 'www.realskill.com', '暂无', 'img/corp_icon.png', '——', '——', '91340100MA2NBB3A2U', '——', '——', '——', '2017-01-10', null, '——', null);
INSERT INTO `t_corp` VALUES ('52', '	520181000340106', '贵州讯飞信息科技有限公司 ', '	贵州省贵阳市清镇市职教城东区将军石路', '贵阳市清镇市市场监督管理局', '贵州省', '租赁和商务服务业', '有限责任公司（非自然人投资或控股的法人独资）', '——', '2016-12-29', '2016-12-29', null, '徐玉林', '存续（在营、开业、在册）', '3000', '3000', '2016-12-29', '无固定期限', '律、法规、国务院决定规定禁止的不得经营;法律、法规、国务院决定规定应当许可(审批)的,经审批机关批准后凭许可(审批)文件经营;法律、法规、国务院决定规定无需许可(审批)的,市场主体自主选择经营。(教育科技产品研发及相关服务;教育软件产品研发销售;教学仪器与装备研发、销售;科学仪器仪表、科技教育装备、电化教育装备生产、研发、销售;教育咨询(不含教育、出国留学咨询及中介服务);', '91520181MA6DQT8P64', '18285088743', '暂无', '暂无', 'img/corp_icon.png', '——', '——', '91520181MA6DQT8P64', '——', '——', '——', '2016-12-29', null, '——', null);
INSERT INTO `t_corp` VALUES ('53', '	131001000037552', '科大讯飞河北科技有限公司', '河北省廊坊市经济技术开发区1号路106号新亚研发大厦610-612 ', '廊坊经济开发区工商行政管理局', '河北省', '信息传输、软件和信息技术服务业', '有限责任公司（非自然人投资或控股的法人独资）', '——', '2016-10-21', '2016-10-21', null, '江涛', '存续（在营、开业、在册）', '5000', '5000', '2016-10-21', '2016-10-20', '教育软件产品研发、销售;教学仪器与装备研发、销售;科学仪器仪表、科技教育装备、电化教育装备生产、研发、销售;教育信息咨询服务(不含教育、出国留学咨询及中介服务);教育科技产品研发及相关服务;计算机软硬件开发、生产、销售;计算机系统集成;信息咨询服务', '91131001MA07X12336', '暂无', '暂无', '暂无', 'img/corp_icon.png', '——', '——', '91131001MA07X12336', '——', '——', '——', '2016-10-21', null, '——', null);
INSERT INTO `t_corp` VALUES ('54', '	340191000089377', '安徽知学科技有限公司', '合肥市高新区望江西路666号语音教学产品研发楼A2楼405室 ', '合肥市高新开发区市场监督管理局', '安徽省', '信息传输、软件和信息技术服务业', '其他有限责任公司', '——', '2016-07-20', '2018-03-27', null, '王政', '存续（在营、开业、在册）', '10000', '10000', '2016-07-20', '2016-07-29', '软件开发;信息系统集成服务;信息技术咨询服务;数据处理和存储服务;集成电路设计;游戏软件设计制作;计算机技术开发、技术服务;计算机软、硬件销售;电子商务;自营或代理各类商品和技术的进出口业务(国家限定或禁止的商品和技术除外);网络技术的研究、开发;教学设备的研究、开发;市场营销策划服务;国内广告设计、制作、代理、发布;图书数据处理技术开发;图书出版选题项目的技术咨询、技术服务;教学设备销售;教育信息咨询、交流服务;教学辅导项目开发;校园网站建设;教育科技软件研发;教育文化活动组织策划;国内书报刊', '91340100MA2MYB364E', '0551-65309174', ' www.zhixue.com ', '暂无', 'img/corp_icon.png', '——', '——', '91340100MA2MYB364E', '——', '——', '——', '2016-07-20', null, '——', null);
INSERT INTO `t_corp` VALUES ('55', '	500112008811706', '重庆科大讯飞智能科技有限公司', '重庆市渝北区仙桃街道数据谷东路19号 ', '重庆市工商行政管理局渝北区分局', '重庆市', '信息传输、软件和信息技术服务业', '有限责任公司(法人独资)', '——', '2016-06-15', '2016-06-15', null, '徐玉林', '存续(在营、开业、在册)', '3000', '3000', '2016-06-15', '无固定期限', '教育科技产品、仪表仪器、计算机软硬件开发、生产、销售;安装、销售:建筑智能化系统、楼宇自控系统及设备、消防报警系统、防盗监控系统及设备;从事建筑相关业务(凭相关资质证书执业);', '91500112MA5U6FBC5K', '023-81150300', '暂无', '16668095@qq.com', 'img/corp_icon.png', '——', '——', '91500112MA5U6FBC5K', '——', '——', '——', '2016-06-15', null, '——', null);
INSERT INTO `t_corp` VALUES ('56', '320407000125349', '江苏星网软件有限公司常州分公司', '常州市新北区兰翔二村13幢丙单元302室', '常州国家高新区（新北区）市场监督管理局', '江苏省', '信息传输、软件和信息技术服务业', '有限责任公司分公司', '——', '2009-10-14', '2017-04-17', '310521197806071034', '张虎', '在业', null, null, '2009-10-14', '无固定期限', '计算机软件开发与销售,计算机应用服务,线路、管道、设备安装,电子产品及通信设备技术服务,电子计算机及配件、五金、交电、百货、化工原料及产品(除危险品)、汽车、建筑材料销售,商品信息咨询。(依法须经批准的项目,经相关部门批准后方可开展经营活动)', '91320411MA1NRWJJ09', '18936009303', '暂无', 'jsxw@sparksoft.com.cn', 'img/corp_logo00002.jpg', '——', 'MA1NRWJJ-0', '91320411MA1NRWJJ09', '——', '——', '——', '2017-05-03', null, '江苏星网软件有限公司是一家主要以行业软件开发与维护、通信增值业务研发与推广、安全产品销售与解决方案提供', null);
INSERT INTO `t_corp` VALUES ('57', '320100000179379', '南京星网投资管理企业(有限合伙)', '南京市建邺区奥体大街69号新城科技园03幢5楼南', '南京市工商行政管理局', '江苏省', '租赁和商务服务业', '有限合伙企业', '——', '2016-07-20', '2016-07-20', null, '周炜', '	存续（在营、开业、在册）', null, null, null, null, null, null, '暂无', '暂无', '暂无', 'img/corp_icon.png', '——', '——', '——', '——', '——', '——', '2018-08-26', null, '——', null);
INSERT INTO `t_corp` VALUES ('58', '320000000111229', '江苏星网系统集成有限公司 ', '	南京高新区团结路100号107室 ', '南京市工商行政管理局', '江苏省', '信息传输、软件和信息技术服务业', '有限责任公司（法人独资）', '——', '2016-07-20', '2016-07-20', null, '周炜', '存续（在营、开业、在册）', null, null, null, null, null, null, '暂无', '暂无', '暂无', 'img/corp_icon.png', '——', '——', '——', '——', '——', '——', '2018-08-26', null, '——', null);
INSERT INTO `t_corp` VALUES ('59', '320125000061128', '江苏星网资讯有限公司', '	南京市高淳开发区恒盛路18号 ', '	南京市高淳区市场监督管理局', '江苏省', '信息传输、软件和信息技术服务业', '有限责任公司（法人独资）', '——', '2016-07-20', '2016-07-20', null, '周炜', '存续（在营、开业、在册）', null, null, null, null, null, null, '暂无', '暂无', '暂无', 'img/corp_icon.png', '——', '——', '——', '——', '——', '——', '2018-08-26', null, '——', null);
INSERT INTO `t_corp` VALUES ('61', '320125000108569', '南京星网投资管理企业', '南京市江北新区南京软件园(西区)团结路100号154室', '管理委员会市场监督管理局', '江苏省', '信息传输、软件和信息技术服务业', '有限责任公司', '——', null, null, null, null, '存续（在营、开业、在册）', null, null, null, null, null, null, '暂无', '暂无', '暂无', 'img/corp_icon.png', '——', '——', '——', '——', '——', '——', '2018-08-26', null, '——', null);
INSERT INTO `t_corp` VALUES ('62', '320125000061128', '科大讯飞苏州科技有限公司', '苏州工业园区金鸡湖大道88号E4单元', '苏州工业园区市场监督管理局', '江苏省', '信息传输、软件和信息技术服务业', '有限责任公司（法人独资）', '——', null, null, null, null, '存续（在营、开业、在册）', null, null, null, null, null, null, '暂无', '暂无', '暂无', 'img/corp_icon.png', '——', '——', '——', '——', '——', '——', '2018-08-27', null, null, null);
INSERT INTO `t_corp` VALUES ('63', '320125000108569', '科大讯飞股份有限公司沈阳分公司', '沈阳市和平区桂林街24号461室 ', '苏州工业园区市场监督管理局', '辽宁省', '信息传输、软件和信息技术服务业', '有限责任公司（法人独资）', '——', null, null, null, null, '存续（在营、开业、在册）', null, null, null, null, null, null, '暂无', '暂无', '暂无', 'img/corp_icon.png', '——', '——', '——', '——', '——', '——', '2018-08-27', null, null, null);
INSERT INTO `t_corp` VALUES ('64', '320125000061128', '科大讯飞股份有限公司重庆分公司', '重庆市九龙坡区科林路49号附12号', '重庆市', '重庆市', '信息传输、软件和信息技术服务业', '有限责任公司（法人独资）', '——', null, null, null, null, '存续（在营、开业、在册）', null, null, null, null, null, null, '暂无', '暂无', '暂无', 'img/corp_icon.png', '——', '——', '——', '——', '——', '——', '2018-08-27', null, null, null);
INSERT INTO `t_corp` VALUES ('65', '320000000111229', '重庆大永讯飞智能有限公司', '	广州市海珠区新港西路169号鹭江商贸综合城第211号 ', '管理委员会市场监督管理局', '广东省', '信息传输、软件和信息技术服务业', '有限责任公司（法人独资）', '——', null, null, null, null, '存续（在营、开业、在册）', null, null, null, null, null, null, '暂无', '暂无', '暂无', 'img/corp_icon.png', '——', '——', '——', '——', '——', '——', '2018-08-27', null, null, null);
INSERT INTO `t_corp` VALUES ('66', '320000000111229', '科大讯飞股份有限公司四川分公司', '中国(四川)自由贸易试验区成都高新区天府大道中段1268号1栋12层12-18号', '管理委员会市场监督管理局', '四川省', '信息传输、软件和信息技术服务业', '有限责任公司（法人独资）', '——', null, null, null, null, '存续（在营、开业、在册）', null, null, null, null, null, null, '暂无', '暂无', '暂无', 'img/corp_icon.png', '——', '——', '——', '——', '——', '——', '2018-08-27', null, null, null);
INSERT INTO `t_corp` VALUES ('67', '320125000061128', '科大讯飞股份有限公司云南分公司', '云南省昆明市高新区M1-4地块和成国际研发中心B幢12层1217-1号', '理委员会市场监督管理局', '云南省', '信息传输、软件和信息技术服务业', '有限责任公司（法人独资）', '——', null, null, null, null, '存续（在营、开业、在册）', null, null, null, null, null, null, '暂无', '暂无', '暂无', 'img/corp_icon.png', '——', '——', '——', '——', '——', '——', '2018-08-27', null, null, null);
INSERT INTO `t_corp` VALUES ('68', '320125000061128', '云南讯滇智能有限公司', '云南省昆明市高新区M1-4地块和成国际研发中心B幢12层1217-1号', '理委员会市场监督管理局', '云南省', '信息传输、软件和信息技术服务业', '有限责任公司（法人独资）', '——', null, null, null, null, '存续（在营、开业、在册）', null, null, null, null, null, null, '暂无', '暂无', '暂无', 'img/corp_icon.png', '——', '——', '——', '——', '——', '——', '2018-08-27', null, null, null);

-- ----------------------------
-- Table structure for `t_corp_corp_dist`
-- ----------------------------
DROP TABLE IF EXISTS `t_corp_corp_dist`;
CREATE TABLE `t_corp_corp_dist` (
  `ID` int(11) unsigned NOT NULL AUTO_INCREMENT,
  `CORP_ID` int(11) unsigned NOT NULL,
  `DIST_ID` int(11) unsigned NOT NULL,
  PRIMARY KEY (`ID`),
  KEY `FK_DIST_CORP_ID` (`CORP_ID`),
  KEY `FK_DIST_DIST_ID` (`DIST_ID`),
  CONSTRAINT `FK_DIST_CORP_ID` FOREIGN KEY (`CORP_ID`) REFERENCES `t_corp` (`ID`),
  CONSTRAINT `FK_DIST_DIST_ID` FOREIGN KEY (`DIST_ID`) REFERENCES `t_corp_dist` (`ID`)
) ENGINE=InnoDB AUTO_INCREMENT=60 DEFAULT CHARSET=utf8;

-- ----------------------------
-- Records of t_corp_corp_dist
-- ----------------------------
INSERT INTO `t_corp_corp_dist` VALUES ('1', '1', '1');
INSERT INTO `t_corp_corp_dist` VALUES ('6', '1', '2');
INSERT INTO `t_corp_corp_dist` VALUES ('7', '14', '3');
INSERT INTO `t_corp_corp_dist` VALUES ('8', '13', '4');
INSERT INTO `t_corp_corp_dist` VALUES ('9', '11', '5');
INSERT INTO `t_corp_corp_dist` VALUES ('10', '11', '6');
INSERT INTO `t_corp_corp_dist` VALUES ('11', '10', '7');
INSERT INTO `t_corp_corp_dist` VALUES ('12', '17', '8');
INSERT INTO `t_corp_corp_dist` VALUES ('13', '21', '9');
INSERT INTO `t_corp_corp_dist` VALUES ('14', '21', '10');
INSERT INTO `t_corp_corp_dist` VALUES ('15', '26', '11');
INSERT INTO `t_corp_corp_dist` VALUES ('16', '11', '12');
INSERT INTO `t_corp_corp_dist` VALUES ('17', '26', '13');
INSERT INTO `t_corp_corp_dist` VALUES ('18', '26', '14');
INSERT INTO `t_corp_corp_dist` VALUES ('19', '26', '15');
INSERT INTO `t_corp_corp_dist` VALUES ('20', '28', '16');
INSERT INTO `t_corp_corp_dist` VALUES ('21', '18', '11');
INSERT INTO `t_corp_corp_dist` VALUES ('22', '27', '1');
INSERT INTO `t_corp_corp_dist` VALUES ('23', '28', '17');
INSERT INTO `t_corp_corp_dist` VALUES ('26', '31', '18');
INSERT INTO `t_corp_corp_dist` VALUES ('28', '1', '22');
INSERT INTO `t_corp_corp_dist` VALUES ('29', '1', '23');
INSERT INTO `t_corp_corp_dist` VALUES ('30', '1', '24');
INSERT INTO `t_corp_corp_dist` VALUES ('31', '1', '25');
INSERT INTO `t_corp_corp_dist` VALUES ('32', '1', '26');
INSERT INTO `t_corp_corp_dist` VALUES ('33', '1', '27');
INSERT INTO `t_corp_corp_dist` VALUES ('34', '1', '28');
INSERT INTO `t_corp_corp_dist` VALUES ('35', '1', '29');
INSERT INTO `t_corp_corp_dist` VALUES ('36', '1', '30');
INSERT INTO `t_corp_corp_dist` VALUES ('37', '1', '31');
INSERT INTO `t_corp_corp_dist` VALUES ('38', '1', '32');
INSERT INTO `t_corp_corp_dist` VALUES ('39', '1', '33');
INSERT INTO `t_corp_corp_dist` VALUES ('44', '33', '37');
INSERT INTO `t_corp_corp_dist` VALUES ('45', '33', '38');
INSERT INTO `t_corp_corp_dist` VALUES ('46', '33', '39');
INSERT INTO `t_corp_corp_dist` VALUES ('47', '33', '40');
INSERT INTO `t_corp_corp_dist` VALUES ('48', '33', '41');
INSERT INTO `t_corp_corp_dist` VALUES ('49', '33', '42');
INSERT INTO `t_corp_corp_dist` VALUES ('50', '33', '43');
INSERT INTO `t_corp_corp_dist` VALUES ('51', '33', '44');
INSERT INTO `t_corp_corp_dist` VALUES ('52', '38', '45');
INSERT INTO `t_corp_corp_dist` VALUES ('53', '39', '45');
INSERT INTO `t_corp_corp_dist` VALUES ('54', '40', '45');
INSERT INTO `t_corp_corp_dist` VALUES ('55', '54', '46');
INSERT INTO `t_corp_corp_dist` VALUES ('56', '55', '46');
INSERT INTO `t_corp_corp_dist` VALUES ('59', '39', '47');

-- ----------------------------
-- Table structure for `t_corp_corp_pertains`
-- ----------------------------
DROP TABLE IF EXISTS `t_corp_corp_pertains`;
CREATE TABLE `t_corp_corp_pertains` (
  `ID` int(11) unsigned NOT NULL AUTO_INCREMENT,
  `CORP_ID` int(11) unsigned NOT NULL,
  `PERTAINS_ID` int(11) unsigned NOT NULL,
  PRIMARY KEY (`ID`),
  KEY `FK_PERTAINS_CORP_ID` (`CORP_ID`),
  KEY `FK_PERTAINS_PERTAINS_ID` (`PERTAINS_ID`),
  CONSTRAINT `FK_PERTAINS_CORP_ID` FOREIGN KEY (`CORP_ID`) REFERENCES `t_corp` (`ID`),
  CONSTRAINT `FK_PERTAINS_PERTAINS_ID` FOREIGN KEY (`PERTAINS_ID`) REFERENCES `t_corp_pertains` (`ID`)
) ENGINE=InnoDB AUTO_INCREMENT=102 DEFAULT CHARSET=utf8;

-- ----------------------------
-- Records of t_corp_corp_pertains
-- ----------------------------
INSERT INTO `t_corp_corp_pertains` VALUES ('8', '1', '1');
INSERT INTO `t_corp_corp_pertains` VALUES ('9', '1', '2');
INSERT INTO `t_corp_corp_pertains` VALUES ('10', '11', '3');
INSERT INTO `t_corp_corp_pertains` VALUES ('11', '11', '4');
INSERT INTO `t_corp_corp_pertains` VALUES ('12', '10', '5');
INSERT INTO `t_corp_corp_pertains` VALUES ('13', '2', '6');
INSERT INTO `t_corp_corp_pertains` VALUES ('14', '3', '7');
INSERT INTO `t_corp_corp_pertains` VALUES ('15', '4', '8');
INSERT INTO `t_corp_corp_pertains` VALUES ('16', '5', '9');
INSERT INTO `t_corp_corp_pertains` VALUES ('17', '6', '10');
INSERT INTO `t_corp_corp_pertains` VALUES ('18', '7', '11');
INSERT INTO `t_corp_corp_pertains` VALUES ('19', '8', '12');
INSERT INTO `t_corp_corp_pertains` VALUES ('20', '9', '13');
INSERT INTO `t_corp_corp_pertains` VALUES ('21', '12', '14');
INSERT INTO `t_corp_corp_pertains` VALUES ('22', '13', '15');
INSERT INTO `t_corp_corp_pertains` VALUES ('23', '14', '16');
INSERT INTO `t_corp_corp_pertains` VALUES ('24', '15', '17');
INSERT INTO `t_corp_corp_pertains` VALUES ('25', '16', '18');
INSERT INTO `t_corp_corp_pertains` VALUES ('26', '16', '19');
INSERT INTO `t_corp_corp_pertains` VALUES ('27', '14', '20');
INSERT INTO `t_corp_corp_pertains` VALUES ('28', '15', '21');
INSERT INTO `t_corp_corp_pertains` VALUES ('29', '15', '22');
INSERT INTO `t_corp_corp_pertains` VALUES ('30', '15', '23');
INSERT INTO `t_corp_corp_pertains` VALUES ('31', '14', '24');
INSERT INTO `t_corp_corp_pertains` VALUES ('32', '17', '25');
INSERT INTO `t_corp_corp_pertains` VALUES ('33', '18', '1');
INSERT INTO `t_corp_corp_pertains` VALUES ('34', '18', '27');
INSERT INTO `t_corp_corp_pertains` VALUES ('35', '19', '28');
INSERT INTO `t_corp_corp_pertains` VALUES ('36', '19', '29');
INSERT INTO `t_corp_corp_pertains` VALUES ('37', '20', '30');
INSERT INTO `t_corp_corp_pertains` VALUES ('38', '21', '31');
INSERT INTO `t_corp_corp_pertains` VALUES ('39', '21', '32');
INSERT INTO `t_corp_corp_pertains` VALUES ('40', '21', '33');
INSERT INTO `t_corp_corp_pertains` VALUES ('41', '21', '34');
INSERT INTO `t_corp_corp_pertains` VALUES ('42', '22', '35');
INSERT INTO `t_corp_corp_pertains` VALUES ('43', '22', '36');
INSERT INTO `t_corp_corp_pertains` VALUES ('44', '22', '37');
INSERT INTO `t_corp_corp_pertains` VALUES ('45', '22', '38');
INSERT INTO `t_corp_corp_pertains` VALUES ('46', '22', '39');
INSERT INTO `t_corp_corp_pertains` VALUES ('47', '23', '40');
INSERT INTO `t_corp_corp_pertains` VALUES ('48', '23', '41');
INSERT INTO `t_corp_corp_pertains` VALUES ('49', '23', '42');
INSERT INTO `t_corp_corp_pertains` VALUES ('50', '24', '43');
INSERT INTO `t_corp_corp_pertains` VALUES ('51', '24', '44');
INSERT INTO `t_corp_corp_pertains` VALUES ('52', '24', '45');
INSERT INTO `t_corp_corp_pertains` VALUES ('53', '26', '46');
INSERT INTO `t_corp_corp_pertains` VALUES ('54', '26', '47');
INSERT INTO `t_corp_corp_pertains` VALUES ('55', '26', '48');
INSERT INTO `t_corp_corp_pertains` VALUES ('56', '26', '49');
INSERT INTO `t_corp_corp_pertains` VALUES ('57', '27', '50');
INSERT INTO `t_corp_corp_pertains` VALUES ('58', '31', '51');
INSERT INTO `t_corp_corp_pertains` VALUES ('59', '27', '52');
INSERT INTO `t_corp_corp_pertains` VALUES ('60', '27', '53');
INSERT INTO `t_corp_corp_pertains` VALUES ('61', '29', '54');
INSERT INTO `t_corp_corp_pertains` VALUES ('62', '28', '55');
INSERT INTO `t_corp_corp_pertains` VALUES ('63', '28', '56');
INSERT INTO `t_corp_corp_pertains` VALUES ('64', '31', '57');
INSERT INTO `t_corp_corp_pertains` VALUES ('65', '29', '58');
INSERT INTO `t_corp_corp_pertains` VALUES ('66', '30', '59');
INSERT INTO `t_corp_corp_pertains` VALUES ('68', '30', '61');
INSERT INTO `t_corp_corp_pertains` VALUES ('69', '30', '60');
INSERT INTO `t_corp_corp_pertains` VALUES ('70', '33', '62');
INSERT INTO `t_corp_corp_pertains` VALUES ('71', '33', '63');
INSERT INTO `t_corp_corp_pertains` VALUES ('72', '33', '64');
INSERT INTO `t_corp_corp_pertains` VALUES ('73', '33', '65');
INSERT INTO `t_corp_corp_pertains` VALUES ('74', '33', '66');
INSERT INTO `t_corp_corp_pertains` VALUES ('75', '33', '67');
INSERT INTO `t_corp_corp_pertains` VALUES ('93', '62', '80');
INSERT INTO `t_corp_corp_pertains` VALUES ('94', '42', '80');
INSERT INTO `t_corp_corp_pertains` VALUES ('95', '63', '80');
INSERT INTO `t_corp_corp_pertains` VALUES ('96', '64', '65');
INSERT INTO `t_corp_corp_pertains` VALUES ('97', '65', '65');
INSERT INTO `t_corp_corp_pertains` VALUES ('98', '66', '63');
INSERT INTO `t_corp_corp_pertains` VALUES ('99', '67', '64');
INSERT INTO `t_corp_corp_pertains` VALUES ('100', '68', '62');
INSERT INTO `t_corp_corp_pertains` VALUES ('101', '34', '66');

-- ----------------------------
-- Table structure for `t_corp_corp_stock`
-- ----------------------------
DROP TABLE IF EXISTS `t_corp_corp_stock`;
CREATE TABLE `t_corp_corp_stock` (
  `ID` int(11) unsigned NOT NULL AUTO_INCREMENT,
  `CORP_ID` int(11) unsigned NOT NULL,
  `STOCK_ID` int(11) unsigned NOT NULL,
  PRIMARY KEY (`ID`),
  KEY `FK_STOCK_CORP_ID` (`CORP_ID`),
  KEY `FK_STOCK_STOCK_ID` (`STOCK_ID`),
  CONSTRAINT `FK-STOCK_STOCK_ID` FOREIGN KEY (`STOCK_ID`) REFERENCES `t_corp_stock` (`ID`),
  CONSTRAINT `FK_STOCK_CORP_ID` FOREIGN KEY (`CORP_ID`) REFERENCES `t_corp` (`ID`)
) ENGINE=InnoDB AUTO_INCREMENT=122 DEFAULT CHARSET=utf8;

-- ----------------------------
-- Records of t_corp_corp_stock
-- ----------------------------
INSERT INTO `t_corp_corp_stock` VALUES ('14', '1', '1');
INSERT INTO `t_corp_corp_stock` VALUES ('15', '1', '2');
INSERT INTO `t_corp_corp_stock` VALUES ('16', '10', '3');
INSERT INTO `t_corp_corp_stock` VALUES ('17', '12', '6');
INSERT INTO `t_corp_corp_stock` VALUES ('18', '11', '3');
INSERT INTO `t_corp_corp_stock` VALUES ('19', '10', '5');
INSERT INTO `t_corp_corp_stock` VALUES ('20', '16', '7');
INSERT INTO `t_corp_corp_stock` VALUES ('21', '15', '8');
INSERT INTO `t_corp_corp_stock` VALUES ('22', '15', '9');
INSERT INTO `t_corp_corp_stock` VALUES ('23', '15', '10');
INSERT INTO `t_corp_corp_stock` VALUES ('24', '21', '24');
INSERT INTO `t_corp_corp_stock` VALUES ('25', '15', '11');
INSERT INTO `t_corp_corp_stock` VALUES ('26', '15', '12');
INSERT INTO `t_corp_corp_stock` VALUES ('27', '15', '13');
INSERT INTO `t_corp_corp_stock` VALUES ('28', '14', '14');
INSERT INTO `t_corp_corp_stock` VALUES ('29', '14', '15');
INSERT INTO `t_corp_corp_stock` VALUES ('30', '14', '16');
INSERT INTO `t_corp_corp_stock` VALUES ('31', '17', '17');
INSERT INTO `t_corp_corp_stock` VALUES ('32', '18', '18');
INSERT INTO `t_corp_corp_stock` VALUES ('33', '19', '19');
INSERT INTO `t_corp_corp_stock` VALUES ('34', '20', '20');
INSERT INTO `t_corp_corp_stock` VALUES ('35', '19', '21');
INSERT INTO `t_corp_corp_stock` VALUES ('36', '19', '22');
INSERT INTO `t_corp_corp_stock` VALUES ('37', '20', '23');
INSERT INTO `t_corp_corp_stock` VALUES ('38', '23', '25');
INSERT INTO `t_corp_corp_stock` VALUES ('39', '24', '26');
INSERT INTO `t_corp_corp_stock` VALUES ('40', '15', '27');
INSERT INTO `t_corp_corp_stock` VALUES ('41', '26', '28');
INSERT INTO `t_corp_corp_stock` VALUES ('42', '26', '29');
INSERT INTO `t_corp_corp_stock` VALUES ('43', '31', '30');
INSERT INTO `t_corp_corp_stock` VALUES ('44', '27', '31');
INSERT INTO `t_corp_corp_stock` VALUES ('45', '28', '32');
INSERT INTO `t_corp_corp_stock` VALUES ('46', '29', '33');
INSERT INTO `t_corp_corp_stock` VALUES ('47', '30', '34');
INSERT INTO `t_corp_corp_stock` VALUES ('48', '31', '35');
INSERT INTO `t_corp_corp_stock` VALUES ('49', '29', '36');
INSERT INTO `t_corp_corp_stock` VALUES ('50', '30', '37');
INSERT INTO `t_corp_corp_stock` VALUES ('51', '31', '38');
INSERT INTO `t_corp_corp_stock` VALUES ('52', '31', '39');
INSERT INTO `t_corp_corp_stock` VALUES ('53', '28', '40');
INSERT INTO `t_corp_corp_stock` VALUES ('54', '32', '41');
INSERT INTO `t_corp_corp_stock` VALUES ('55', '32', '42');
INSERT INTO `t_corp_corp_stock` VALUES ('56', '32', '43');
INSERT INTO `t_corp_corp_stock` VALUES ('57', '27', '44');
INSERT INTO `t_corp_corp_stock` VALUES ('60', '28', '46');
INSERT INTO `t_corp_corp_stock` VALUES ('61', '34', '47');
INSERT INTO `t_corp_corp_stock` VALUES ('62', '35', '48');
INSERT INTO `t_corp_corp_stock` VALUES ('63', '36', '49');
INSERT INTO `t_corp_corp_stock` VALUES ('64', '37', '50');
INSERT INTO `t_corp_corp_stock` VALUES ('65', '38', '51');
INSERT INTO `t_corp_corp_stock` VALUES ('66', '39', '52');
INSERT INTO `t_corp_corp_stock` VALUES ('67', '40', '53');
INSERT INTO `t_corp_corp_stock` VALUES ('68', '41', '54');
INSERT INTO `t_corp_corp_stock` VALUES ('83', '42', '55');
INSERT INTO `t_corp_corp_stock` VALUES ('84', '43', '56');
INSERT INTO `t_corp_corp_stock` VALUES ('85', '44', '57');
INSERT INTO `t_corp_corp_stock` VALUES ('86', '45', '58');
INSERT INTO `t_corp_corp_stock` VALUES ('87', '46', '59');
INSERT INTO `t_corp_corp_stock` VALUES ('88', '47', '60');
INSERT INTO `t_corp_corp_stock` VALUES ('89', '48', '61');
INSERT INTO `t_corp_corp_stock` VALUES ('90', '49', '62');
INSERT INTO `t_corp_corp_stock` VALUES ('91', '50', '63');
INSERT INTO `t_corp_corp_stock` VALUES ('92', '51', '64');
INSERT INTO `t_corp_corp_stock` VALUES ('93', '52', '65');
INSERT INTO `t_corp_corp_stock` VALUES ('94', '53', '66');
INSERT INTO `t_corp_corp_stock` VALUES ('95', '54', '67');
INSERT INTO `t_corp_corp_stock` VALUES ('96', '55', '68');
INSERT INTO `t_corp_corp_stock` VALUES ('97', '57', '72');
INSERT INTO `t_corp_corp_stock` VALUES ('98', '58', '73');
INSERT INTO `t_corp_corp_stock` VALUES ('99', '59', '74');
INSERT INTO `t_corp_corp_stock` VALUES ('102', '61', '75');
INSERT INTO `t_corp_corp_stock` VALUES ('104', '33', '78');
INSERT INTO `t_corp_corp_stock` VALUES ('105', '33', '79');
INSERT INTO `t_corp_corp_stock` VALUES ('107', '33', '81');
INSERT INTO `t_corp_corp_stock` VALUES ('112', '37', '87');
INSERT INTO `t_corp_corp_stock` VALUES ('113', '38', '87');
INSERT INTO `t_corp_corp_stock` VALUES ('114', '39', '88');
INSERT INTO `t_corp_corp_stock` VALUES ('115', '40', '88');
INSERT INTO `t_corp_corp_stock` VALUES ('118', '50', '89');
INSERT INTO `t_corp_corp_stock` VALUES ('119', '51', '79');
INSERT INTO `t_corp_corp_stock` VALUES ('120', '52', '79');
INSERT INTO `t_corp_corp_stock` VALUES ('121', '53', '79');

-- ----------------------------
-- Table structure for `t_corp_dist`
-- ----------------------------
DROP TABLE IF EXISTS `t_corp_dist`;
CREATE TABLE `t_corp_dist` (
  `ID` int(11) unsigned NOT NULL AUTO_INCREMENT COMMENT '主键',
  `DIST_UNI_SCID` varchar(255) DEFAULT NULL COMMENT '分支机构统一社会信用代码',
  `DIST_NAME` varchar(255) NOT NULL COMMENT '分支机构名称',
  `DIST_BELONG_ORG` varchar(255) DEFAULT NULL COMMENT '分支机构登记机关',
  `FARE_PLACE` varchar(255) DEFAULT NULL COMMENT '营业场所',
  `OPER_MAN_IDENT_NO` varchar(255) DEFAULT NULL COMMENT '负责人证件编号',
  `OPER_MAN_NAME` varchar(255) DEFAULT NULL COMMENT '负责人姓名',
  `FARE_SCOPE` varchar(255) DEFAULT NULL COMMENT '经营范围',
  `START_DATE` date DEFAULT NULL COMMENT '成立日期',
  `CHECK_DATE` date DEFAULT NULL COMMENT '核准日期',
  `CREATE_DATE` date DEFAULT NULL COMMENT '创建时间',
  PRIMARY KEY (`ID`),
  KEY `ID` (`ID`) USING BTREE
) ENGINE=InnoDB AUTO_INCREMENT=48 DEFAULT CHARSET=utf8;

-- ----------------------------
-- Records of t_corp_dist
-- ----------------------------
INSERT INTO `t_corp_dist` VALUES ('1', '——', '常州星网资讯有限公司', '常州市工商行政管理局', '常州市', '310554198006071037', '何茹霞', '', null, null, null);
INSERT INTO `t_corp_dist` VALUES ('2', '91320191562880417G', '南京汉微云计算技术有限公司', '南京市江北新区管理委员会市场监督管理局', '南京市', '320321196902183048', '俞晓玫', '', null, null, null);
INSERT INTO `t_corp_dist` VALUES ('3', '91320594MA1WR7LWXW', '苏州鸿樾人才咨询有限公司', '苏州工业园区市场监督管理局', '苏州市', '320321197207164123', '吕纯', '', null, null, null);
INSERT INTO `t_corp_dist` VALUES ('4', '91320400755088055R', '常州公共信用信息中心有限公司', '常州市工商行政管理局', '常州市', '320321197103283046', '贺锋', '', null, null, null);
INSERT INTO `t_corp_dist` VALUES ('5', '91320594575406423W', '苏州贝尔普软件有限公司', '苏州工业园区市场监督管理局', '苏州市', '320321197207164121', '陆松鹤', '', null, null, null);
INSERT INTO `t_corp_dist` VALUES ('6', '——', '江苏世纪园林建筑工程有限公司', '江苏省工商行政管理局', '南京市', '320321197207164125', '杨文新', '', null, null, null);
INSERT INTO `t_corp_dist` VALUES ('7', '——', '南京黄山岛科技会议服务有限公司', '南京市六合区市场监督管理局', '南京市', '320321198207164335', '张铁恒', '', null, null, null);
INSERT INTO `t_corp_dist` VALUES ('8', '310109000203372', '上海苏新科贸有限公司', '虹口区市场监督管理局', '上海市', '320321197207164124', '周持平', '', null, null, null);
INSERT INTO `t_corp_dist` VALUES ('9', '91510106MA6BXEWR08', '宝信软件(成都)有限公司', '金牛区市场和质量监督管理局', '四川省', '305001197604284132', '余秉东', '', null, null, null);
INSERT INTO `t_corp_dist` VALUES ('10', '91120000MA05P0702J', '天津众智天成科技有限公司', '天津市市场和质量监督管理委员会', '天津市', '305001197604284133', '李明智', '', null, null, null);
INSERT INTO `t_corp_dist` VALUES ('11', '91320191MA1WNE5463', '鹏为文化发展有限公司', '南京市江北新区管理委员会市场监督管理局', '南京市', '305201198802081133', '方静燕', '', null, null, null);
INSERT INTO `t_corp_dist` VALUES ('12', '91320191MA1WHBXM0X', '南京众创企业服务有限公司', '南京市江北新区管理委员会市场监督管理局', '南京市', '305201198802081133', '方静燕', '', null, null, null);
INSERT INTO `t_corp_dist` VALUES ('13', '91321091MA1MXKEP7C', '扬州中鹏科技服务有限公司', '扬州经济技术开发区市场监督管理局', '扬州市', '305201198802081133', '方静燕', '', null, null, null);
INSERT INTO `t_corp_dist` VALUES ('14', '91320411MA1MGXEC3L', '常州中兴鹏为移动医疗科技有限公司', '常州国家高新区（新北区）市场监督管理局', '常州市', '305201198602081124', '马玉龙', '', null, null, null);
INSERT INTO `t_corp_dist` VALUES ('15', '91320191302753104X', '江苏鹏为置业有限公司', '南京市江北新区管理委员会市场监督管理局', '南京市', '305201198802081133', '方静燕', '', null, null, null);
INSERT INTO `t_corp_dist` VALUES ('16', '913204002524242255R', '佛山市鹏为软件有限公司', ' 佛山市禅城区江湾二路10号之一二层(1-20轴)260室', '广东省', '320321197203134123', '梁超坤', null, null, null, null);
INSERT INTO `t_corp_dist` VALUES ('17', '1320400252424225532', '潮州市鹏为软件管理有限公司', '广东省潮州市潮州大道绿茵花苑六幢101房', '广东省', '305201198803281133', '王珂', null, null, null, null);
INSERT INTO `t_corp_dist` VALUES ('18', '91510106MA6BX12R08', '上海苏新科贸有限公司', '南京市江北新区深南大道与彩田路交汇处嘉麟豪庭B座1701室', '江苏省', '320321197207164121', '朱陶园', ' 南京鹏为置业有限公司', null, null, null);
INSERT INTO `t_corp_dist` VALUES ('22', '	91320508MA1NTPPR6X', '江苏星网软件有限公司苏州分公司', '苏州市金塘新村10幢603室', '江苏省', '312551231321231221', '张虎', null, null, null, null);
INSERT INTO `t_corp_dist` VALUES ('23', '91320411MA1NRWJJ09', '江苏星网软件有限公司常州分公司', '常州市新北区兰翔二村13幢丙单元302室 ', '江苏省', '312551231321231221', '张虎', null, null, null, null);
INSERT INTO `t_corp_dist` VALUES ('24', '91320602MA1NTGWL74', '江苏星网软件有限公司南通分公司', '南通市青年西路6号3幢105室 ', '江苏省', '312551231321231221', '张虎', null, null, null, null);
INSERT INTO `t_corp_dist` VALUES ('25', '91321202MA1NR92T1H', '江苏星网软件有限公司泰州分公司', '泰州市海陵区祥云花园3幢206室 ', '江苏省', '312551231321231221', '张虎', null, null, null, null);
INSERT INTO `t_corp_dist` VALUES ('26', '91320811MA1NUR8Q05', '江苏星网软件有限公司淮安分公司', '淮安市清河区北京新村11区8幢408室 ', '江苏省', '312551231321231221', '张虎', null, null, null, null);
INSERT INTO `t_corp_dist` VALUES ('27', '	91321302MA1NHPJA3E', '江苏星网软件有限公司宿迁分公司', '宿迁市宿城区康庭茗苑13-丙-602室(阁楼) ', '江苏省', '312551231321231221', '张虎', null, null, null, null);
INSERT INTO `t_corp_dist` VALUES ('28', '	91320200MA1NR8G27A', '江苏星网软件有限公司无锡分公司', '无锡市扬名新村20-603 ', '江苏省', '312551231321231221', '张虎', null, null, null, null);
INSERT INTO `t_corp_dist` VALUES ('29', '91321102MA1NRELRXC', '江苏星网软件有限公司镇江分公司', '	镇江市江滨新村49幢306室', '江苏省', '312551231321231221', '张虎', null, null, null, null);
INSERT INTO `t_corp_dist` VALUES ('30', '	91321011MA1NRW311D', '江苏星网软件有限公司扬州分公司', '玉带河新村11幢602室 ', '江苏省', '312551231321231221', '张虎', null, null, null, null);
INSERT INTO `t_corp_dist` VALUES ('31', '	91320902MA1NT6KD84', '江苏星网软件有限公司盐城分公司', '盐城市亭湖区旭日路24号附5号 ', '江苏省', '312551231321231221', '张虎', null, null, null, null);
INSERT INTO `t_corp_dist` VALUES ('32', '91320706MA1NYMJ493', '江苏星网软件有限公司连云港分公司', '	连云港市海州区市民街新新路142号楼1单元601室 ', '江苏省', '312551231321231221', '张虎', null, null, null, null);
INSERT INTO `t_corp_dist` VALUES ('33', '	91320300MA1NWPAU18', '江苏星网软件有限公司徐州分公司', '	徐州市泉山区建国西路81号201室', '江苏省', '312551231321231221', '张虎', null, null, null, null);
INSERT INTO `t_corp_dist` VALUES ('34', '91441702MA4W5RY006', '西安讯飞超脑信息科技有限公司', '阳江市江城区创业路紫荆园10幢403房', '广东省', '434354334343243242', '李伦军', null, null, null, null);
INSERT INTO `t_corp_dist` VALUES ('35', '91620102352610662L', '新育文教育科技(北京)有限公司', '	甘肃省兰州市城关区贡元巷街道曹家巷58号9幢401', '甘肃省', '412111212221321456', '刘云峰', null, null, null, null);
INSERT INTO `t_corp_dist` VALUES ('36', '91520113322471040U', '科大讯徐州讯飞智能科技有限公司', '贵州省贵阳市白云区龙井路289号(艳山红镇政府办公楼负一楼) ', '贵州省', '234343543243545344', '娄超', null, null, null, null);
INSERT INTO `t_corp_dist` VALUES ('37', '91230104665680426L', '云南讯滇智能有限公司', '	哈尔滨市道外区民强五街区515栋6单元4层5号', '黑龙江省', '534324564564654455', '徐荣盛', null, null, null, null);
INSERT INTO `t_corp_dist` VALUES ('38', '9144010179554350XB', '重庆大永讯飞智能有限公司', '	广州市海珠区新港西路169号鹭江商贸综合城第211号 ', '广东省', '534324564564654455', '徐荣盛', null, null, null, null);
INSERT INTO `t_corp_dist` VALUES ('39', '9161013179168679XX', '雄安讯飞人工智能科技有限公司', '	西安市高新区糜家桥小区3号楼3楼3层2303室', '陕西省', '534324564564654455', '徐荣盛', null, null, null, null);
INSERT INTO `t_corp_dist` VALUES ('40', '	91441900MA4UTGCT7W', '科大讯飞苏州科技有限公司', '	东莞市常平镇板石村南埔科技园T栋四层411室 ', '广东省', '434354334343243242', '李伦军', null, null, null, null);
INSERT INTO `t_corp_dist` VALUES ('41', '915101003275154440', '科大讯飞股份有限公司四川分公司', '中国(四川)自由贸易试验区成都高新区天府大道中段1268号1栋12层12-18号', '四川省', '323453445345345343', '李剑峰', null, null, null, null);
INSERT INTO `t_corp_dist` VALUES ('42', '915301003096993901', '科大讯飞股份有限公司云南分公司', '云南省昆明市高新区M1-4地块和成国际研发中心B幢12层1217-1号', '云南省', '234343543243545344', '娄超', null, null, null, null);
INSERT INTO `t_corp_dist` VALUES ('43', '91500107798004624G', '科大讯飞股份有限公司重庆分公司', '重庆市九龙坡区科林路49号附12号', '重庆市', '534324564564654455', '徐荣盛', null, null, null, null);
INSERT INTO `t_corp_dist` VALUES ('44', '91210102793178932T', '科大讯飞股份有限公司沈阳分公司', '沈阳市和平区桂林街24号461室 ', '辽宁省', '534324564564654455', '徐荣盛', null, null, null, null);
INSERT INTO `t_corp_dist` VALUES ('45', '91500107798004624G', '西安讯飞超脑信息科技有限公司', '西安市高新区西安高新区软件新城天谷八路156号云汇谷D座101', '陕西省', '343553453456456454', '赵志伟', null, null, null, null);
INSERT INTO `t_corp_dist` VALUES ('46', '91210102792378932T', '科大讯飞(苏州)科技有限公司', '苏州工业园区金鸡湖大道88号E4单元', '江苏省', '456465465464654645', '张友国', null, null, null, null);
INSERT INTO `t_corp_dist` VALUES ('47', '91210102792378932T', '武汉讯飞兴智科技有限公司', '武汉市东湖新技术开发区关山大道1号光谷软件园1.1期产业楼A2栋2层', '湖北省', '564654654646546452', '吴晓如', null, null, null, null);

-- ----------------------------
-- Table structure for `t_corp_evaluate`
-- ----------------------------
DROP TABLE IF EXISTS `t_corp_evaluate`;
CREATE TABLE `t_corp_evaluate` (
  `ID` int(10) unsigned NOT NULL AUTO_INCREMENT COMMENT '主键',
  `USER_ID` int(10) unsigned NOT NULL COMMENT '用户ID',
  `CORP_ID` int(10) unsigned NOT NULL COMMENT '企业ID',
  `EVALUATE_INFO` varchar(255) NOT NULL COMMENT '评论内容',
  `EVALUATE_DATE` date NOT NULL COMMENT '评论日期',
  `GOOD_NUM` int(11) NOT NULL DEFAULT '0' COMMENT '点赞数量',
  `LABEL1` int(11) NOT NULL DEFAULT '0' COMMENT '信誉标签',
  `LABEL2` int(11) NOT NULL DEFAULT '0' COMMENT '产品质量标签',
  `LABEL3` int(11) NOT NULL DEFAULT '0' COMMENT '实力标签',
  PRIMARY KEY (`ID`),
  KEY `FK_EVALUATE_CORP_ID` (`CORP_ID`) USING BTREE,
  KEY `FK_EVALUATE_USER_ID` (`USER_ID`) USING BTREE,
  CONSTRAINT `FK_EVALUATE_CORP_ID` FOREIGN KEY (`CORP_ID`) REFERENCES `t_corp` (`ID`),
  CONSTRAINT `FK_EVALUATE_USER_ID` FOREIGN KEY (`USER_ID`) REFERENCES `t_user` (`ID`)
) ENGINE=InnoDB AUTO_INCREMENT=10 DEFAULT CHARSET=utf8;

-- ----------------------------
-- Records of t_corp_evaluate
-- ----------------------------
INSERT INTO `t_corp_evaluate` VALUES ('1', '3', '14', '我觉得这是一家不错的公司，服务很好，态度也很不错。公司环境也非常棒。', '2018-07-24', '12', '1', '1', '1');
INSERT INTO `t_corp_evaluate` VALUES ('2', '4', '14', '我觉得是一家很不错的公司', '2018-07-25', '0', '1', '0', '1');
INSERT INTO `t_corp_evaluate` VALUES ('3', '5', '14', '与贵公司合作非常愉快。公司所有的员工的服务态度都非常棒，在财务方面给予了最专业最全面的指导。如果以后还有机会，还希望能和贵公司合作。最后祝贵公司越来越好，规模越来越大。', '2018-07-25', '0', '0', '1', '1');
INSERT INTO `t_corp_evaluate` VALUES ('4', '8', '14', '感觉贵公司在财务方面是非常专业的。非常感谢贵公司的服务。', '2018-07-25', '0', '1', '0', '0');
INSERT INTO `t_corp_evaluate` VALUES ('7', '10', '14', '公司环境非常棒，真羡慕。员工也非常热情。很喜欢，真希望自己能够能面试成功！', '2018-07-25', '0', '0', '1', '0');
INSERT INTO `t_corp_evaluate` VALUES ('8', '10', '26', '公司环境非常棒，真羡慕。员工也非常热情。很喜欢，真希望自己能够能面试成功！', '2018-07-25', '0', '1', '1', '1');
INSERT INTO `t_corp_evaluate` VALUES ('9', '3', '26', '与贵公司合作非常愉快。公司所有的员工的服务态度都非常棒，在软件方面给予了最专业最全面的指导。如果以后还有机会，还希望能和贵公司合作。最后祝贵公司越来越好，规模越来越大。', '2018-07-25', '0', '1', '0', '1');

-- ----------------------------
-- Table structure for `t_corp_pertains`
-- ----------------------------
DROP TABLE IF EXISTS `t_corp_pertains`;
CREATE TABLE `t_corp_pertains` (
  `ID` int(11) unsigned NOT NULL AUTO_INCREMENT COMMENT '联合主键',
  `CERTIFICATE_TYPE` varchar(255) DEFAULT NULL COMMENT '证件类型',
  `PERSON_NAME` varchar(255) DEFAULT NULL COMMENT '成员姓名',
  `PERSON_TYPE` varchar(255) DEFAULT NULL COMMENT '成员职务',
  `CERTIFICATE_NO` varchar(255) DEFAULT NULL COMMENT '证件编号',
  `SELECT_TYPE` varchar(255) DEFAULT NULL COMMENT '产生方式',
  `HOLDPOST_START` date DEFAULT NULL COMMENT '任职期限起',
  `HOLDPOST_EDN` date DEFAULT NULL COMMENT '任职期限止',
  `PERSON_SEX` varchar(255) DEFAULT NULL COMMENT '成员性别',
  `PERSON_AGE` int(11) DEFAULT NULL COMMENT '成员年龄',
  `PERSON_COUNTRY` varchar(255) DEFAULT NULL COMMENT '成员国籍',
  `CREATE_DATE` date DEFAULT NULL COMMENT '创建日期',
  PRIMARY KEY (`ID`),
  KEY `ID` (`ID`) USING BTREE
) ENGINE=InnoDB AUTO_INCREMENT=82 DEFAULT CHARSET=utf8;

-- ----------------------------
-- Records of t_corp_pertains
-- ----------------------------
INSERT INTO `t_corp_pertains` VALUES ('1', '身份证', '周炜', '执行董事兼总经理', '320521197408122026', '', null, null, '', null, '', null);
INSERT INTO `t_corp_pertains` VALUES ('2', '身份证', '金伟国', '监事', '320521197804112034', '', null, null, '', null, '', null);
INSERT INTO `t_corp_pertains` VALUES ('3', '身份证', '俞晓玫', '执行董事兼总经理', '320321196902183048', '', null, null, '', null, '', null);
INSERT INTO `t_corp_pertains` VALUES ('4', '身份证', '金伟国', '监事', '320521197804112034', '', null, null, '', null, '', null);
INSERT INTO `t_corp_pertains` VALUES ('5', '身份证', '何茹霞', '执行董事兼总经理', '310554198006071037', '', null, null, '', null, '', null);
INSERT INTO `t_corp_pertains` VALUES ('6', '身份证', '张虎', '执行董事兼总经理', '310521197806071034', '', null, null, '', null, '', null);
INSERT INTO `t_corp_pertains` VALUES ('7', '身份证', '张虎', '执行董事兼总经理', '310521197806071034', '', null, null, '', null, '', null);
INSERT INTO `t_corp_pertains` VALUES ('8', '身份证', '张虎', '执行董事兼总经理', '310521197806071034', '', null, null, '', null, '', null);
INSERT INTO `t_corp_pertains` VALUES ('9', '身份证', '张虎', '执行董事兼总经理', '310521197806071034', '', null, null, '', null, '', null);
INSERT INTO `t_corp_pertains` VALUES ('10', '身份证', '张虎', '执行董事兼总经理', '310521197806071034', '', null, null, '', null, '', null);
INSERT INTO `t_corp_pertains` VALUES ('11', '身份证', '张虎', '执行董事兼总经理', '310521197806071034', '', null, null, '', null, '', null);
INSERT INTO `t_corp_pertains` VALUES ('12', '身份证', '张虎', '执行董事兼总经理', '310521197806071034', '', null, null, '', null, '', null);
INSERT INTO `t_corp_pertains` VALUES ('13', '身份证', '张虎', '执行董事兼总经理', '310521197806071034', '', null, null, '', null, '', null);
INSERT INTO `t_corp_pertains` VALUES ('14', '身份证', '贺锋', '执行董事兼总经理', '320321197103283046', '', null, null, '', null, '', null);
INSERT INTO `t_corp_pertains` VALUES ('15', '身份证', '王俊杰', '负责人', '320321197312133042', '', null, null, '', null, '', null);
INSERT INTO `t_corp_pertains` VALUES ('16', '身份证', '金文龙', '执行董事', '320321197207164120', '', null, null, '', null, '', null);
INSERT INTO `t_corp_pertains` VALUES ('17', '身份证', '陆松鹤', '董事长兼总经理', '320321197207164121', '', null, null, '', null, '', null);
INSERT INTO `t_corp_pertains` VALUES ('18', '身份证', '吕纯', '执行董事', '320321197207164123', '', null, null, '', null, '', null);
INSERT INTO `t_corp_pertains` VALUES ('19', '身份证', '马辰辰', '监事', '320321990207164127', '', null, null, '', null, '', null);
INSERT INTO `t_corp_pertains` VALUES ('20', '身份证', '张家俊', '监事', '320321988207164128', '', null, null, '', null, '', null);
INSERT INTO `t_corp_pertains` VALUES ('21', '身份证', '黄泳', '监事', '320321986207164129', '', null, null, '', null, '', null);
INSERT INTO `t_corp_pertains` VALUES ('22', '身份证', '金文龙', '监事', '320321197207164120', '', null, null, '', null, '', null);
INSERT INTO `t_corp_pertains` VALUES ('23', '身份证', '龚新', '监事', '320321197205124126', '', null, null, '', null, '', null);
INSERT INTO `t_corp_pertains` VALUES ('24', '身份证', '王俊', '总经理', '320321198205124124', '', null, null, '', null, '', null);
INSERT INTO `t_corp_pertains` VALUES ('25', '身份证', '周持平', '负责人', '320321197207164124', '', null, null, '', null, '', null);
INSERT INTO `t_corp_pertains` VALUES ('26', '身份证', '杨文新', '董事长', '320321197207164125', '', null, null, '', null, '', null);
INSERT INTO `t_corp_pertains` VALUES ('27', '身份证', '张铁恒', '董事', '320321198207164335', '', null, null, '', null, '', null);
INSERT INTO `t_corp_pertains` VALUES ('28', '身份证', '杨文新', '监事', '320321197207164125', '', null, null, '', null, '', null);
INSERT INTO `t_corp_pertains` VALUES ('29', '身份证', '张铁恒', '执行董事兼总经理', '320321198207164335', '', null, null, '', null, '', null);
INSERT INTO `t_corp_pertains` VALUES ('30', '身份证', '周持平', '董事长', '320321197207164124', '', null, null, '', null, '', null);
INSERT INTO `t_corp_pertains` VALUES ('31', '身份证', '朱湘凯', '总经理', '305221197904284124', '', null, null, '', null, '', null);
INSERT INTO `t_corp_pertains` VALUES ('32', '身份证', '夏雪松', '董事长', '305221197904284133', '', null, null, '', null, '', null);
INSERT INTO `t_corp_pertains` VALUES ('33', '身份证', '薛云奎', '董事', '305221197904284127', '', null, null, '', null, '', null);
INSERT INTO `t_corp_pertains` VALUES ('34', '身份证', '邵卫军', '监事', '305221197904284129', '', null, null, '', null, '', null);
INSERT INTO `t_corp_pertains` VALUES ('35', '身份证', '马国强', '董事长', '305001197204284126', '', null, null, '', null, '', null);
INSERT INTO `t_corp_pertains` VALUES ('36', '身份证', '陈德荣', '董事兼总经理', '305011197204284126', '', null, null, '', null, '', null);
INSERT INTO `t_corp_pertains` VALUES ('37', '身份证', '陈薇', '监事', '305021197204284123', '', null, null, '', null, '', null);
INSERT INTO `t_corp_pertains` VALUES ('38', '身份证', '何柏林', '监事', '305031197204284128', '', null, null, '', null, '', null);
INSERT INTO `t_corp_pertains` VALUES ('39', '身份证', '贝克伟', '董事', '305041197204284120', '', null, null, '', null, '', null);
INSERT INTO `t_corp_pertains` VALUES ('40', '身份证', '余秉东', '执行董事', '305001197604284132', '', null, null, '', null, '', null);
INSERT INTO `t_corp_pertains` VALUES ('41', '身份证', '陈咏剑', '监事', '305001196704284109', '', null, null, '', null, '', null);
INSERT INTO `t_corp_pertains` VALUES ('42', '身份证', '汪侃', '总经理', '305001196704284106', '', null, null, '', null, '', null);
INSERT INTO `t_corp_pertains` VALUES ('43', '身份证', '李明智', '董事长', '305001197604284133', '', null, null, '', null, '', null);
INSERT INTO `t_corp_pertains` VALUES ('44', '身份证', '盛军', '监事', '305001197604284134', '', null, null, '', null, '', null);
INSERT INTO `t_corp_pertains` VALUES ('45', '身份证', '肖成祥', '董事', '305001197604284135', '', null, null, '', null, '', null);
INSERT INTO `t_corp_pertains` VALUES ('46', '身份证', '朱信群', '总经理', '313301199009251187', '', null, null, '', null, '', null);
INSERT INTO `t_corp_pertains` VALUES ('47', '身份证', '方静燕', '执行董事', '305201198802081133', '', null, null, '', null, '', null);
INSERT INTO `t_corp_pertains` VALUES ('48', '身份证', '吕婷', '监事', '305231198902080935', '', null, null, '', null, '', null);
INSERT INTO `t_corp_pertains` VALUES ('49', '身份证', '张玉林', '监事', '305221198512091240', '', null, null, '', null, '', null);
INSERT INTO `t_corp_pertains` VALUES ('50', '身份证', '屠尚德', '职工监事', '305201198002082537', '', null, null, '', null, '', null);
INSERT INTO `t_corp_pertains` VALUES ('51', '身份证', '屠尚德', '总经理', '305201198002082537', '', null, null, '', null, '', null);
INSERT INTO `t_corp_pertains` VALUES ('52', '身份证', '方静燕', '董事兼总经理', '305201198802081133', '', null, null, '', null, '', null);
INSERT INTO `t_corp_pertains` VALUES ('53', '身份证', '张玉林', '监事主席', '305221198512091240', '', null, null, '', null, '', null);
INSERT INTO `t_corp_pertains` VALUES ('54', '身份证', '张玉林', '监事', '305221198512091240', '', null, null, '', null, '', null);
INSERT INTO `t_corp_pertains` VALUES ('55', '身份证', '张玉林', '监事', '305221198512091240', '', null, null, '', null, '', null);
INSERT INTO `t_corp_pertains` VALUES ('56', '身份证', '方静燕', '执行董事', '305201198802081133', '', null, null, '', null, '', null);
INSERT INTO `t_corp_pertains` VALUES ('57', '身份证', '方静燕', '执行董事', '305201198802081133', '', null, null, '', null, '', null);
INSERT INTO `t_corp_pertains` VALUES ('58', '身份证', '方静燕', '执行董事', '305201198802081133', '', null, null, '', null, '', null);
INSERT INTO `t_corp_pertains` VALUES ('59', '身份证', '马玉龙', '执行董事兼总经理', '305201198602181124', '', null, null, '', null, '', null);
INSERT INTO `t_corp_pertains` VALUES ('60', '身份证', '朱信群', '监事', '313301199009251187', null, null, null, null, null, null, null);
INSERT INTO `t_corp_pertains` VALUES ('61', '身份证', '吕婷', '总经理', '305231198902080935', null, null, null, null, null, null, null);
INSERT INTO `t_corp_pertains` VALUES ('62', '身份证', '刘建华', '董事', '312313212312213221', null, null, null, null, null, null, null);
INSERT INTO `t_corp_pertains` VALUES ('63', '身份证', '胡郁', '董事', '243434354343242342', null, null, null, null, null, null, null);
INSERT INTO `t_corp_pertains` VALUES ('64', '身份证', '舒华英', '董事', '231231345453412312', null, null, null, null, null, null, null);
INSERT INTO `t_corp_pertains` VALUES ('65', '身份证', '高玲玲', '监事', '312124564324123156', null, null, null, null, null, null, null);
INSERT INTO `t_corp_pertains` VALUES ('66', '身份证', '姚勋芳', '监事', '312124564123123156', null, null, null, null, null, null, null);
INSERT INTO `t_corp_pertains` VALUES ('67', '身份证', '刘庆峰', '董事长兼总经理', '356989899456345643', null, null, null, null, null, null, null);
INSERT INTO `t_corp_pertains` VALUES ('68', '身份证', '刘昕', '董事', '325678646865233332', null, null, null, null, null, null, null);
INSERT INTO `t_corp_pertains` VALUES ('69', '身份证', '吴晓如', '董事', '343576874534243543', null, null, null, null, null, null, null);
INSERT INTO `t_corp_pertains` VALUES ('70', '身份证', '陈涛', '董事', '346537874542435433', null, null, null, null, null, null, null);
INSERT INTO `t_corp_pertains` VALUES ('71', '身份证', '张本照', '董事', '341321347434735463', null, null, null, null, null, null, null);
INSERT INTO `t_corp_pertains` VALUES ('72', '身份证', '董雪燕', '监事', '313457438743474453', null, null, null, null, null, null, null);
INSERT INTO `t_corp_pertains` VALUES ('73', '身份证', '李骏', '监事', '347378879354643643', null, null, null, null, null, null, null);
INSERT INTO `t_corp_pertains` VALUES ('74', '身份证', '聂小林', '董事', '343543543123434633', null, null, null, null, null, null, null);
INSERT INTO `t_corp_pertains` VALUES ('75', '身份证', '张岚', '监事', '312313465358745453', null, null, null, null, null, null, null);
INSERT INTO `t_corp_pertains` VALUES ('76', '身份证', '王兵', '董事', '345343213476943553', null, null, null, null, null, null, null);
INSERT INTO `t_corp_pertains` VALUES ('77', '身份证', '	赵惠芳', '董事', '343743874354354163', null, null, null, null, null, null, null);
INSERT INTO `t_corp_pertains` VALUES ('78', '身份证', '刘庆峰', '董事长', '356989899456345643', null, null, null, null, null, null, null);
INSERT INTO `t_corp_pertains` VALUES ('79', '身份证', '刘庆峰', '执行董事', '356989899456345643', null, null, null, null, null, null, null);
INSERT INTO `t_corp_pertains` VALUES ('80', '身份证', '刘庆峰', '董事长', '356989899456345643', null, null, null, null, null, null, null);
INSERT INTO `t_corp_pertains` VALUES ('81', '身份证', '吴晓如', '监事', '343576874534243543', null, null, null, null, null, null, null);

-- ----------------------------
-- Table structure for `t_corp_recruit`
-- ----------------------------
DROP TABLE IF EXISTS `t_corp_recruit`;
CREATE TABLE `t_corp_recruit` (
  `ID` int(11) unsigned NOT NULL AUTO_INCREMENT COMMENT '主键',
  `CORP_ID` int(11) unsigned NOT NULL COMMENT '企业ID',
  `CORP_NAME` varchar(255) NOT NULL COMMENT '企业名称',
  `JOB_NAME` varchar(255) NOT NULL COMMENT '职业名称',
  `JOB_ADDRESS` varchar(255) NOT NULL COMMENT '职业地址',
  `JOB_MONEY` varchar(255) NOT NULL COMMENT '职业月薪',
  `PUBLIC_DATE` date NOT NULL COMMENT '发布日期',
  PRIMARY KEY (`ID`),
  KEY `FK_RECRUIT_CORP_ID` (`CORP_ID`),
  CONSTRAINT `FK_RECRUIT_CORP_ID` FOREIGN KEY (`CORP_ID`) REFERENCES `t_corp` (`ID`)
) ENGINE=InnoDB AUTO_INCREMENT=19 DEFAULT CHARSET=utf8;

-- ----------------------------
-- Records of t_corp_recruit
-- ----------------------------
INSERT INTO `t_corp_recruit` VALUES ('1', '1', '江苏星网软件有限公司', 'java程序员', '南京', '8000-10000元', '2018-07-21');
INSERT INTO `t_corp_recruit` VALUES ('2', '10', '常州星网资讯有限公司', '咨询顾问', '常州', '5000-8000元', '2018-07-21');
INSERT INTO `t_corp_recruit` VALUES ('3', '11', '南京汉微云计算技术有限公司', '系统架构师', '南京', '12000-20000元', '2018-07-21');
INSERT INTO `t_corp_recruit` VALUES ('4', '12', '常州公共信用信息中心有限公司', '财务总监', '常州', '12000-15000元', '2018-07-20');
INSERT INTO `t_corp_recruit` VALUES ('5', '14', '苏州瑞华云财务共享科技有限公司', 'C#程序员，五险，周末双休', '苏州', '10000-15000元', '2018-07-20');
INSERT INTO `t_corp_recruit` VALUES ('6', '15', '苏州贝尔普软件有限公司', '前端开发，五险，包吃包住', '苏州', '8000-10000元', '2018-07-19');
INSERT INTO `t_corp_recruit` VALUES ('7', '16', '苏州鸿樾人才咨询有限公司', '人力资源部经理', '苏州', '6000-8000元', '2018-07-19');
INSERT INTO `t_corp_recruit` VALUES ('8', '17', '江苏省科技贸易公司', '销售，五险，包吃住', '南京', '4000-6000元', '2018-07-18');
INSERT INTO `t_corp_recruit` VALUES ('9', '18', '江苏世纪园林建筑工程有限公司', '建筑设计师', '苏州', '12000-15000元', '2018-07-19');
INSERT INTO `t_corp_recruit` VALUES ('10', '19', '南京黄山岛科技会议服务有限公司', '前台主管', '黄山', '4000-5000元', '2018-07-18');
INSERT INTO `t_corp_recruit` VALUES ('11', '20', '上海苏新科贸有限公司', '4001-6000\r\n生产管理技术员（急招）', '上海', '6000-8000元', '2018-07-18');
INSERT INTO `t_corp_recruit` VALUES ('12', '21', '上海宝信软件股份有限公司 ', '运维专员(软件方向)', '上海', '6000-8000元', '2018-07-16');
INSERT INTO `t_corp_recruit` VALUES ('13', '22', '中国宝武钢铁集团有限公司', '市场专员底薪5K', '上海', '5000-6000元', '2018-07-16');
INSERT INTO `t_corp_recruit` VALUES ('14', '23', '宝信软件(成都)有限公司', '测试工程师，五险，周末双休', '成都', '8000-10000元', '2018-07-16');
INSERT INTO `t_corp_recruit` VALUES ('15', '24', '天津众智天成科技有限公司', '规划经理()场域规划方向', '天津', '6000-8000元', '2018-07-15');
INSERT INTO `t_corp_recruit` VALUES ('16', '26', '江苏鹏为软件有限公司', '培训运营/策划', '南京', '4000-6000元', '2018-07-14');
INSERT INTO `t_corp_recruit` VALUES ('17', '29', '扬州中鹏科技服务有限公司', '咨询经理(智能外呼)-消费者BG', '扬州', '6000-8000元', '2018-07-12');
INSERT INTO `t_corp_recruit` VALUES ('18', '32', '深圳市鹏为建设有限公司', '综合管理人才', '深圳', '6000-8000元', '2018-07-12');

-- ----------------------------
-- Table structure for `t_corp_stock`
-- ----------------------------
DROP TABLE IF EXISTS `t_corp_stock`;
CREATE TABLE `t_corp_stock` (
  `ID` int(11) unsigned NOT NULL AUTO_INCREMENT COMMENT '主键',
  `STOCK_TYPE` varchar(255) DEFAULT NULL COMMENT '股东类型',
  `STOCK_COUNTRY` varchar(255) DEFAULT NULL COMMENT '股东国别',
  `CERTIFICATE_TYPE` varchar(255) DEFAULT NULL COMMENT '证件类型',
  `CERTIFICATE_NO` varchar(255) DEFAULT NULL COMMENT '证件编号',
  `STOCK_NAME` varchar(255) DEFAULT NULL COMMENT '股东名称',
  `STOCK_CAPI_TYPE` varchar(255) DEFAULT NULL COMMENT '股东认缴额币种',
  `STOCK_CAPI` double DEFAULT NULL COMMENT '股东认缴（万）',
  `STOCK_CAPI_DOLLAR` double DEFAULT NULL COMMENT '股东认缴额折美元（万元）',
  `STOCK_CAPI_RMB` double DEFAULT NULL COMMENT '股东认缴额折人民币（万元）',
  `STOCK_PERCENT` varchar(255) DEFAULT NULL COMMENT '出资百分比',
  `STOCK_RATE_RMB` double DEFAULT NULL COMMENT '对人民币的汇率',
  `STOCK_RATE_DOLLAR` double DEFAULT NULL COMMENT '对美元汇率',
  `CREATE_DATE` date DEFAULT NULL COMMENT '创建时间',
  PRIMARY KEY (`ID`),
  KEY `ID` (`ID`) USING BTREE
) ENGINE=InnoDB AUTO_INCREMENT=90 DEFAULT CHARSET=utf8;

-- ----------------------------
-- Records of t_corp_stock
-- ----------------------------
INSERT INTO `t_corp_stock` VALUES ('1', '大股东', '中国', '身份证', '320521197408122026', '周 炜 ', '人民币', '2458', null, null, '', null, null, null);
INSERT INTO `t_corp_stock` VALUES ('2', '自然人股东', '中国', '身份证', '320321196902183048', '俞晓玫', '人民币', '550', null, null, '', null, null, null);
INSERT INTO `t_corp_stock` VALUES ('3', '企业股东', '中国', '注册号', '320000000043078', '江苏星网软件有限公司', '人民币', '500', null, null, '', null, null, null);
INSERT INTO `t_corp_stock` VALUES ('4', '企业股东', '中国', '注册号', '320000000043071', '江苏星网软件有限公司', '人民币', '3', null, null, '', null, null, null);
INSERT INTO `t_corp_stock` VALUES ('5', '企业股东', '中国', '注册号', '320400000003036', '常州公共信用信息中心有限公司', '人民币', '7', null, null, '', null, null, null);
INSERT INTO `t_corp_stock` VALUES ('6', '企业股东', '中国', '注册号', '51320400509610872B', '常州市企业信用管理协会', '人民币', '75', null, null, '', null, null, null);
INSERT INTO `t_corp_stock` VALUES ('7', '企业股东', '中国', '注册号', '320508000356656', '苏州瑞华云财务共享科技有限公司', '人民币', '100', null, null, '', null, null, null);
INSERT INTO `t_corp_stock` VALUES ('8', '企业股东', '中国', '注册号', '320508000356656', '苏州瑞华云财务共享科技有限公司', '人民币', '16', null, null, '', null, null, null);
INSERT INTO `t_corp_stock` VALUES ('9', '自然人股东', '中国', '身份证', '320321986207164129', '黄泳.', '人民币', '15', null, null, '', null, null, null);
INSERT INTO `t_corp_stock` VALUES ('10', '自然人股东', '中国', '身份证', '320321989207164132', '倪竣', '人民币', '11', null, null, '', null, null, null);
INSERT INTO `t_corp_stock` VALUES ('11', '自然人股东', '中国', '身份证', '320321989207164133', '夏曼丽', '人民币', '9', null, null, '', null, null, null);
INSERT INTO `t_corp_stock` VALUES ('12', '自然人股东', '中国', '身份证', '320321989207164134', '徐涛', '人民币', '9', null, null, '', null, null, null);
INSERT INTO `t_corp_stock` VALUES ('13', '大股东', '中国', '身份证', '320321989207164135', '赵国龙', '人民币', '20', null, null, '', null, null, null);
INSERT INTO `t_corp_stock` VALUES ('14', '大股东', '中国', '注册号', '51320400509610572B', '苏州弘立元丰投资管理有限公司', '人民币', '100', null, null, '', null, null, null);
INSERT INTO `t_corp_stock` VALUES ('15', '企业股东', '中国', '注册号', '51320400549610872B', '上海共襄财务咨询中心（有限合伙）', '人民币', '100', null, null, '', null, null, null);
INSERT INTO `t_corp_stock` VALUES ('16', '企业股东', '中国', '注册号', '51320402509610872B', '苏州鹿苑天闻企业服务有限责任公司', '人民币', '100', null, null, '', null, null, null);
INSERT INTO `t_corp_stock` VALUES ('17', '股东', '中国', '注册号', '315202060644567', '周持平', '人民币', '100', null, null, '', null, null, null);
INSERT INTO `t_corp_stock` VALUES ('18', '企业股东', '中国', '注册号', '320000000003749', '江苏省科技贸易公司', '人民币', '50', null, null, '', null, null, null);
INSERT INTO `t_corp_stock` VALUES ('19', '企业股东', '中国', '注册号', '320000000003749', '江苏省科技贸易公司', '人民币', '12', null, null, '', null, null, null);
INSERT INTO `t_corp_stock` VALUES ('20', '企业股东', '中国', '注册号', '320000000003749', '江苏省科技贸易公司', '人民币', '20', null, null, '', null, null, null);
INSERT INTO `t_corp_stock` VALUES ('21', '大股东', '中国', '身份证', '320321989207164127', '王州', '人民币', '5', null, null, '', null, null, null);
INSERT INTO `t_corp_stock` VALUES ('22', '自然人股东', '中国', '身份证', '320321989207164239', '冷玉', '人民币', '3', null, null, '', null, null, null);
INSERT INTO `t_corp_stock` VALUES ('23', '企业股东', '中国', '注册号', '315202060644567', '江苏省科学技术协会', '人民币', '80', null, null, '', null, null, null);
INSERT INTO `t_corp_stock` VALUES ('24', '企业股东', '中国', '注册号', '310000000008029', '中国宝武钢铁集团有限公司', '人民币', '18000', null, null, '', null, null, null);
INSERT INTO `t_corp_stock` VALUES ('25', '企业股东', '中国', '注册号', '310000400091217', '上海宝信软件股份有限公司', '人民币', '5000', null, null, '', null, null, null);
INSERT INTO `t_corp_stock` VALUES ('26', '企业股东', '中国', '注册号', '310000400091217', '上海宝信软件股份有限公司', '人民币', '3333', null, null, '', null, null, null);
INSERT INTO `t_corp_stock` VALUES ('27', '自然人股东', '中国', '身份证', '320321197207164121', '陆松鹤.', '人民币', '235', null, null, null, null, null, null);
INSERT INTO `t_corp_stock` VALUES ('28', '大股东', '中国', '身份证', '305201198802081133', '方静燕.', '人民币', '820', null, null, '', null, null, null);
INSERT INTO `t_corp_stock` VALUES ('29', '自然人股东', '中国', '身份证', '305201198002082537', '屠尚德', '人民币', '180', null, null, '', null, null, null);
INSERT INTO `t_corp_stock` VALUES ('30', '大股东', '中国', '注册号', '440301109475568', '深圳市鹏为建设有限公司', '人民币', '4200', null, null, '', null, null, null);
INSERT INTO `t_corp_stock` VALUES ('31', '企业股东', '中国', '注册号', '320191000034322', '江苏鹏为软件有限公司', '人民币', '1600', null, null, '', null, null, null);
INSERT INTO `t_corp_stock` VALUES ('32', '企业股东', '中国', '注册号', '320191000034322', '江苏鹏为软件有限公司', '人民币', '660', null, null, '', null, null, null);
INSERT INTO `t_corp_stock` VALUES ('33', '企业股东', '中国', '注册号', '320191000034322', '江苏鹏为软件有限公司', '人民币', '90', null, null, '', null, null, null);
INSERT INTO `t_corp_stock` VALUES ('34', '企业股东', '中国', '注册号', '320191000034322', '江苏鹏为软件有限公司', '人民币', '60', null, null, '', null, null, null);
INSERT INTO `t_corp_stock` VALUES ('35', '企业股东', '中国', '注册号', '320191000034322', '江苏鹏为软件有限公司', '人民币', '1610', null, null, '', null, null, null);
INSERT INTO `t_corp_stock` VALUES ('36', '自然人股东', '中国', '身份证', '305201198502082536', '张庆', '人民币', '10', null, null, '', null, null, null);
INSERT INTO `t_corp_stock` VALUES ('37', '自然人股东', '中国', '身份证', '305201198602181124', '马玉龙', '人民币', '2', null, null, '', null, null, null);
INSERT INTO `t_corp_stock` VALUES ('38', '大股东', '中国', '身份证', '305201198802081133', '方静燕', '人民币', '140', null, null, '', null, null, null);
INSERT INTO `t_corp_stock` VALUES ('39', '自然人股东', '中国', '身份证', '305201198502081124', '黎先成', '人民币', '1050', null, null, '', null, null, null);
INSERT INTO `t_corp_stock` VALUES ('40', '企业股东', '中国', '注册号', '320191000037634', '江苏鹏为置业有限公司', '人民币', '200', null, null, '', null, null, null);
INSERT INTO `t_corp_stock` VALUES ('41', '大股东', '中国', '身份证', '305201198502081125', '王旭', '人民币', '1680', null, null, '', null, null, null);
INSERT INTO `t_corp_stock` VALUES ('42', '自然人股东', '中国', '身份证', '305201198502081126', '张传福', '人民币', '1660', null, null, '', null, null, null);
INSERT INTO `t_corp_stock` VALUES ('43', '自然人股东', '中国', '身份证', '305201198502081127', '刘昊东', '人民币', '1600', null, null, '', null, null, null);
INSERT INTO `t_corp_stock` VALUES ('44', '企业股东', '中国', '注册号', '440301109475568', '深圳市鹏为建设有限公司', '人民币', '3400', null, null, '', null, null, null);
INSERT INTO `t_corp_stock` VALUES ('45', '大股东', '中国', '身份证', '340201198409181056', '肖贤建', '人民币', '102', null, null, null, null, null, null);
INSERT INTO `t_corp_stock` VALUES ('46', '自然人股东', null, null, null, '周持平', null, null, null, null, null, null, null, null);
INSERT INTO `t_corp_stock` VALUES ('47', '企业股东', '中国', '注册号', '340000000016368', '科大讯飞股份有限公司 ', '人民币', '3000', null, null, '100%', null, null, null);
INSERT INTO `t_corp_stock` VALUES ('48', '企业股东', '中国', '注册号', '340000000016368', '科大讯飞股份有限公司 ', '人民币', '133', null, null, '15.00%', null, null, null);
INSERT INTO `t_corp_stock` VALUES ('49', '企业股东', '中国', '注册号', '340000000016368', '科大讯飞股份有限公司 ', '人民币', '800', null, null, '100%', null, null, null);
INSERT INTO `t_corp_stock` VALUES ('50', '企业股东', '中国', '注册号', '340000000016368', '科大讯飞股份有限公司 ', '人民币', '1000', null, null, '100%', null, null, null);
INSERT INTO `t_corp_stock` VALUES ('51', '企业股东', '中国', '注册号', '340000000016368', '科大讯飞股份有限公司 ', '人民币', '1000', null, null, '70.00%', null, null, null);
INSERT INTO `t_corp_stock` VALUES ('52', '企业股东', '中国', '注册号', '340000000016368', '科大讯飞股份有限公司 ', '人民币', '10000', null, null, '100%', null, null, null);
INSERT INTO `t_corp_stock` VALUES ('53', '企业股东', '中国', '注册号', '340000000016368', '科大讯飞股份有限公司 ', '人民币', '5000', null, null, '100%', null, null, null);
INSERT INTO `t_corp_stock` VALUES ('54', '企业股东', '中国', '注册号', '340000000016368', '科大讯飞股份有限公司 ', '人民币', '3000', null, null, '100%', null, null, null);
INSERT INTO `t_corp_stock` VALUES ('55', '企业股东', '中国', '注册号', '340000000016368', '科大讯飞股份有限公司 ', '人民币', '10000', null, null, '100%', null, null, null);
INSERT INTO `t_corp_stock` VALUES ('56', '企业股东', '中国', '注册号', '340000000016368', '科大讯飞股份有限公司 ', '人民币', '20000', null, null, '100%', null, null, null);
INSERT INTO `t_corp_stock` VALUES ('57', '企业股东', '中国', '注册号', '340000000016368', '科大讯飞股份有限公司 ', '人民币', '1000', null, null, '100%', null, null, null);
INSERT INTO `t_corp_stock` VALUES ('58', '企业股东', '中国', '注册号', '340000000016368', '科大讯飞股份有限公司 ', '人民币', '3000', null, null, '100%', null, null, null);
INSERT INTO `t_corp_stock` VALUES ('59', '企业股东', '中国', '注册号', '340000000016368', '科大讯飞股份有限公司 ', '人民币', '1000', null, null, '10.00%	', null, null, null);
INSERT INTO `t_corp_stock` VALUES ('60', '企业股东', '中国', '注册号', '340000000016368', '科大讯飞股份有限公司 ', '人民币', '10000', null, null, '100%', null, null, null);
INSERT INTO `t_corp_stock` VALUES ('61', '企业股东', '中国', '注册号', '340000000016368', '科大讯飞股份有限公司 ', '人民币', '1000', null, null, '90.00%', null, null, null);
INSERT INTO `t_corp_stock` VALUES ('62', '企业股东', '中国', '注册号', '340000000016368', '科大讯飞股份有限公司 ', '人民币', '1000', null, null, '55.00%', null, null, null);
INSERT INTO `t_corp_stock` VALUES ('63', '企业股东', '中国', '注册号', '340000000016368', '科大讯飞股份有限公司 ', '人民币', '3000', null, null, '55.00%', null, null, null);
INSERT INTO `t_corp_stock` VALUES ('64', '企业股东', '中国', '注册号', '340000000016368', '科大讯飞股份有限公司 ', '人民币', '2000', null, null, '50.00%', null, null, null);
INSERT INTO `t_corp_stock` VALUES ('65', '企业股东', '中国', '注册号', '340000000016368', '科大讯飞股份有限公司 ', '人民币', '3000', null, null, '100%', null, null, null);
INSERT INTO `t_corp_stock` VALUES ('66', '企业股东', '中国', '注册号', '340000000016368', '科大讯飞股份有限公司 ', '人民币', '5000', null, null, '100%', null, null, null);
INSERT INTO `t_corp_stock` VALUES ('67', '企业股东', '中国', '注册号', '340000000016368', '科大讯飞股份有限公司 ', '人民币', '10000', null, null, '65.00%', null, null, null);
INSERT INTO `t_corp_stock` VALUES ('68', '企业股东', '中国', '注册号', '340000000016368', '科大讯飞股份有限公司 ', '人民币', '3000', null, null, '100%', null, null, null);
INSERT INTO `t_corp_stock` VALUES ('72', '大股东', '中国', '身份证', '320521197408122026', '周 炜', '人民币', null, null, null, null, null, null, null);
INSERT INTO `t_corp_stock` VALUES ('73', '大股东', '中国', '身份证', '320521197408122026', '周 炜', '人民币', null, null, null, null, null, null, null);
INSERT INTO `t_corp_stock` VALUES ('74', '大股东', '中国', '身份证', '320521197408122026', '周 炜', '人民币', null, null, null, null, null, null, null);
INSERT INTO `t_corp_stock` VALUES ('75', '自然人股东', '中国', '身份证', '320321196902183048', '俞晓玫', '人民币', null, null, null, null, null, null, null);
INSERT INTO `t_corp_stock` VALUES ('76', '自然人股东', '中国', '身份证', '320321196902183048', '俞晓玫', '人民币', null, null, null, null, null, null, null);
INSERT INTO `t_corp_stock` VALUES ('77', '企业股东', '中国', '注册号', '345342342313112', '中国移动通信有限公司', '人民币', '26880', null, null, null, null, null, null);
INSERT INTO `t_corp_stock` VALUES ('78', '大股东', '中国', '身份证', '356989899456345643', '刘 庆 峰', '人民币', '15760', null, null, null, null, null, null);
INSERT INTO `t_corp_stock` VALUES ('79', '企业股东', '中国', '注册号', '3453423423131235', '中科大资产经营有限责任公司', '人民币', '8350', null, null, null, null, null, null);
INSERT INTO `t_corp_stock` VALUES ('81', '自然人股东', '中国', '身份证', '345634738735435432', '王仁华', '人民币', '3570', null, null, null, null, null, null);
INSERT INTO `t_corp_stock` VALUES ('82', '自然人股东', '中国', '身份证', '342343242342343243', '葛卫东', '人民币', '3537', null, null, null, null, null, null);
INSERT INTO `t_corp_stock` VALUES ('84', '自然人股东', '中国', '身份证', '343576874534243543', '吴 晓 如', '人民币', '2145', null, null, null, null, null, null);
INSERT INTO `t_corp_stock` VALUES ('85', '自然人股东', '中国', '身份证', '243434354343242342', '胡 郁', '人民币', '1694', null, null, null, null, null, null);
INSERT INTO `t_corp_stock` VALUES ('86', '自然人股东', '中国', '身份证', '312343454534541213', '陈 涛', '人民币', '15986235', null, null, null, null, null, null);
INSERT INTO `t_corp_stock` VALUES ('87', '大股东', '中国', '身份证', '356989899456345643', '刘 庆 峰', '人民币', null, null, null, null, null, null, null);
INSERT INTO `t_corp_stock` VALUES ('88', '自然人股东', '中国', '身份证', '343576874534243543', '吴 晓 如', '人民币', null, null, null, null, null, null, null);
INSERT INTO `t_corp_stock` VALUES ('89', '自然人股东', '中国', '身份证', '345634738735435432', '王仁华', '人民币', null, null, null, null, null, null, null);

-- ----------------------------
-- Table structure for `t_map_corp`
-- ----------------------------
DROP TABLE IF EXISTS `t_map_corp`;
CREATE TABLE `t_map_corp` (
  `ID` int(11) unsigned NOT NULL AUTO_INCREMENT COMMENT '主键',
  `CORP_NAME` varchar(255) NOT NULL COMMENT '公司名称',
  `LONGITUDE` double(255,6) NOT NULL COMMENT '经度',
  `LATITUDE` double(255,6) NOT NULL COMMENT '纬度',
  `CORP_ADDR` varchar(255) DEFAULT NULL COMMENT '地址描述',
  `CORP_ID` int(11) unsigned DEFAULT NULL COMMENT '企业ID',
  `BELONG_TRADE` varchar(255) DEFAULT NULL COMMENT '所属行业',
  `ADMIT_MAIN` varchar(255) DEFAULT NULL COMMENT '企业大类',
  `OPER_MAN_NAME` varchar(255) DEFAULT NULL COMMENT '法定代表人名称',
  `REG_CAPI` int(11) DEFAULT NULL COMMENT '注册资金(单位：万元)',
  `CORP_LOGO` varchar(255) DEFAULT NULL COMMENT '企业Logo',
  PRIMARY KEY (`ID`) USING BTREE,
  KEY `corp_id` (`CORP_ID`) USING BTREE,
  CONSTRAINT `t_map_corp_ibfk_1` FOREIGN KEY (`CORP_ID`) REFERENCES `t_corp` (`ID`)
) ENGINE=InnoDB AUTO_INCREMENT=58 DEFAULT CHARSET=utf8mb4 ROW_FORMAT=DYNAMIC;

-- ----------------------------
-- Records of t_map_corp
-- ----------------------------
INSERT INTO `t_map_corp` VALUES ('1', '江苏星网软件有限公司', '118.745448', '31.998556', '南京市建邺区奥体大街69号', '1', '信息传输、软件和信息技术服务业', '高新技术企业', '周炜', '3058', 'img/corp_logo00002.jpg');
INSERT INTO `t_map_corp` VALUES ('2', '南京汉微云计算技术有限公司', '118.648896', '32.042438', '南京市江北新区南京软件园(西区)团结路100号154室', '11', '科学研究和技术服务业', '——', '俞晓玫', '1000', 'img/corp_icon.png');
INSERT INTO `t_map_corp` VALUES ('3', '常州公共信用信息中心有限公司', '119.975355', '31.830376', '常州市新北区太湖东路105号\r\n', '12', '信息传输、软件和信息技术服务业', '——', '贺锋', '300', 'img/corp_icon.png');
INSERT INTO `t_map_corp` VALUES ('4', '常州市企业信用管理协会', '119.967346', '31.807584', '常州市新北区太湖东路105号\r\n', '13', '群众团体、社会团体和其他成员组织', '社会团体', '王俊杰', '3', 'img/corp_icon.png');
INSERT INTO `t_map_corp` VALUES ('5', '苏州瑞华云财务共享科技有限公司', '120.783231', '31.314948', '苏州工业园区东长路88号G1幢1503室 \r\n', '14', '租赁和商务服务业', '——', '金文龙', '300', 'img/corp_logo00003.png');
INSERT INTO `t_map_corp` VALUES ('6', '苏州贝尔普软件有限公司', '120.738221', '31.268644', '苏州工业园区星湖街328号创意产业园22-405单元\r\n', '15', '信息传输、软件和信息技术服务业', '——', '陆松鹤', '315', 'img/corp_icon.png');
INSERT INTO `t_map_corp` VALUES ('7', '苏州鸿樾人才咨询有限公司', '120.782849', '31.314919', '苏州工业园区东长路88号G1幢1503室 \r\n', '16', '资本市场服务', '——', '吕纯', '100', 'img/corp_icon.png');
INSERT INTO `t_map_corp` VALUES ('8', '江苏省科技贸易公司', '118.783126', '32.074417', '南京市湖北路85号01幢505室\r\n', '17', '租赁和商务服务业', '——', '周持平', '100', 'img/corp_icon.png');
INSERT INTO `t_map_corp` VALUES ('9', '江苏世纪园林建筑工程有限公司', '118.783126', '32.074417', '南京市湖北路85号01幢408室\r\n', '18', '水利、环境和公共设施管理业', '——', '杨文新', '100', 'img/corp_icon.png');
INSERT INTO `t_map_corp` VALUES ('10', '南京黄山岛科技会议服务有限公司', '118.914276', '32.498826', '六合县冶山镇四合黄山水库中心岛\r\n', '19', '住宿和餐饮业', '——', '张铁恒', '30', 'img/corp_icon.png');
INSERT INTO `t_map_corp` VALUES ('11', '上海苏新科贸有限公司', '121.496948', '31.296625', '上海市曲阳路851弄8号2708室\r\n', '20', '批发和零售业', '——', '周持平', '100', 'img/corp_icon.png');
INSERT INTO `t_map_corp` VALUES ('12', '上海宝信软件股份有限公司', '121.604861', '31.217340', '上海自由贸易试验区郭守敬路515号\r\n', '21', '信息传输、软件和信息技术服务业', '高新技术企业', '夏雪松', '79102', 'img/corp_logo00004.jpg');
INSERT INTO `t_map_corp` VALUES ('13', '中国宝武钢铁集团有限公司', '121.493214', '31.189119', '上海自由贸易试验区世博大道1859号\r\n', '22', '制造业', '——', '马国强', '5279110', 'img/corp_logo00005.jpg');
INSERT INTO `t_map_corp` VALUES ('14', '宝信软件(成都)有限公司', '104.063214', '30.702201', '成都市金牛区环交大智慧城二环路北一段111号西南交通大学创新大厦25楼2516\r\n', '23', '信息传输、软件和信息技术服务业', '高新技术企业', '余秉东', '5000', 'img/corp_icon.png');
INSERT INTO `t_map_corp` VALUES ('15', '天津众智天成科技有限公司', '117.087594', '39.070477', '天津西青区学府工业区才智道35号3号楼七层706 \r\n', '24', '科学研究和技术服务业', '高新技术企业', '李明智', '10000', 'img/corp_icon.png');
INSERT INTO `t_map_corp` VALUES ('16', '江苏鹏为软件有限公司', '118.648850', '32.042402', '南京市江北新区研创园团结路99号孵鹰大厦A座10层\r\n', '26', '信息传输、软件和信息技术服务业', '高新技术企业', '方静燕', '1000', 'img/corp_logo00001.jpg');
INSERT INTO `t_map_corp` VALUES ('17', '扬州中鹏科技服务有限公司', '119.424845', '32.366448', '扬州市经济开发区扬子江中路186号智谷大厦B楼12层 \r\n', '29', '信息传输、软件和信息技术服务业', '高新技术企业', '方静燕', '100', 'img/corp_icon.png');
INSERT INTO `t_map_corp` VALUES ('18', '常州中兴鹏为移动医疗科技有限公司', '119.999263', '31.817636', '常州市新北区太湖东路9号2幢2105室\r\n', '30', '信息传输、软件和信息技术服务业', '——', '马玉龙', '200', 'img/corp_icon.png');
INSERT INTO `t_map_corp` VALUES ('19', '江苏鹏为置业有限公司', '118.648921', '32.042387', '南京市高新开发区南京软件园(西区)团结路100号139室\r\n', '31', '房地产业', '——', '方静燕', '7000', 'img/corp_icon.png');
INSERT INTO `t_map_corp` VALUES ('20', '深圳市鹏为建设有限公司', '114.114075', '22.590512', '深圳市罗湖区清水河街道红岗路1106号越众产业园1栋6楼\r\n', '32', '建筑业', '——', '付小雄', '5000', 'img/corp_icon.png');
INSERT INTO `t_map_corp` VALUES ('21', '江苏星网软件有限公司徐州分公司', '117.182356', '34.265200', '徐州市泉山区建国西路81号201室', '2', '信息传输、软件和信息技术服务业', '——', '张虎', null, 'img/corp_logo00002.jpg');
INSERT INTO `t_map_corp` VALUES ('22', '江苏星网软件有限公司苏州分公司', '120.615700', '31.293250', '苏州市金塘新村10幢603室', '3', '信息传输、软件和信息技术服务业', '——', '张虎', null, 'img/corp_logo00002.jpg');
INSERT INTO `t_map_corp` VALUES ('23', '江苏星网软件有限公司镇江分公司', '119.480647', '32.224878', '镇江市江滨新村49幢306室', '4', '信息传输、软件和信息技术服务业', '——', '张虎', null, 'img/corp_logo00002.jpg');
INSERT INTO `t_map_corp` VALUES ('24', '江苏星网软件有限公司淮安分公司', '119.018607', '33.610363', '淮安市清河区北京新村11区8幢408室', '5', '信息传输、软件和信息技术服务业', '——', '张虎', null, 'img/corp_logo00002.jpg');
INSERT INTO `t_map_corp` VALUES ('25', '江苏星网软件有限公司无锡分公司 ', '120.316238', '31.562890', '无锡市扬名新村20-603 ', '6', '信息传输、软件和信息技术服务业', '——', '张虎', null, 'img/corp_logo00002.jpg');
INSERT INTO `t_map_corp` VALUES ('26', '江苏星网软件有限公司扬州分公司', '119.440049', '32.408529', '扬州市玉带河新村11幢602室', '7', '信息传输、软件和信息技术服务业', '——', '张虎', null, 'img/corp_logo00002.jpg');
INSERT INTO `t_map_corp` VALUES ('27', '江苏星网软件有限公司南通分公司', '121.015836', '32.122980', '南通市青年西路6号3幢105室', '8', '信息传输、软件和信息技术服务业', '——', '张虎', null, 'img/corp_logo00002.jpg');
INSERT INTO `t_map_corp` VALUES ('28', '江苏星网软件有限公司盐城分公司', '120.147716', '33.407391', '盐城市亭湖区旭日路24号附5号', '9', '信息传输、软件和信息技术服务业', '——', '张虎', null, 'img/corp_logo00002.jpg');
INSERT INTO `t_map_corp` VALUES ('29', '常州星网资讯有限公司', '119.987037', '31.827650', '常州市新北区兰翔二村13幢丙单元302室', '10', '租赁和商务服务业', '——', '何茹霞', '1000', 'img/corp_icon.png');
INSERT INTO `t_map_corp` VALUES ('30', '科大讯飞股份有限公司', '117.150686', '31.837205', '合肥市高新开发区望江西路666号', '33', '信息传输、软件和信息技术服务业', '高新技术企业', '刘庆峰', '208248', 'img/corp_logo00006.jpg');
INSERT INTO `t_map_corp` VALUES ('31', '西安讯飞超脑信息科技有限公司', '108.841678', '34.213133', '西安市高新区西安高新区软件新城天谷八路156号云汇谷D座101', '34', '信息传输、软件和信息技术服务业', '——', '赵志伟', '3000', 'img/corp_icon.png');
INSERT INTO `t_map_corp` VALUES ('32', '新育文教育科技(北京)有限公司', '116.233709', '40.084356', '北京市海淀区永澄北路2号院1号楼B座三层3009-320号', '35', '教育', '——', '陈钊', '133', 'img/corp_icon.png');
INSERT INTO `t_map_corp` VALUES ('33', '徐州讯飞智能科技有限公司 ', '117.208203', '34.232161', '徐州市泉山区软件园路6号C1号楼B座101室', '36', '批发和零售业', '——', '黄飞云', '800', 'img/corp_icon.png');
INSERT INTO `t_map_corp` VALUES ('34', '云南讯滇智能科技有限公司', '102.684312', '25.069985', '云南省昆明市五华区学府路690号金鼎科技园内17号平台B座一、二、五层', '37', '批发和零售业', '——', '徐玉林', '1000', 'img/corp_icon.png');
INSERT INTO `t_map_corp` VALUES ('35', '重庆大永讯飞智能科技有限公司', '105.955723', '29.361061', '	重庆市永川区和顺大道799号(永川区软件与信息服务外包产业园B区2号楼2层', '38', '批发和零售业', '——', '徐玉林', '1000', 'img/corp_icon.png');
INSERT INTO `t_map_corp` VALUES ('36', '雄安讯飞人工智能科技有限公司', '115.869436', '39.050641', '河北省保定市容城县领秀金街A-72-2 ', '39', '科学研究和技术服务业', '——', '江涛', '10000', 'img/corp_icon.png');
INSERT INTO `t_map_corp` VALUES ('37', '科大讯飞(苏州)科技有限公司', '120.781819', '31.298857', '苏州工业园区金鸡湖大道88号E4单元', '40', '	科学研究和技术服务业', '——', '张友国', '5000', 'img/corp_icon.png');
INSERT INTO `t_map_corp` VALUES ('38', '海南声谷科技有限公司 ', '110.348728', '20.024157', '海南省海口市美兰区国兴大道5号海南大厦海南数据谷海创空间3层307办公室', '41', '	科学研究和技术服务业', '——', '徐玉林', '3000', 'img/corp_icon.png');
INSERT INTO `t_map_corp` VALUES ('39', '武汉讯飞兴智科技有限公司', '114.409983', '30.482771', '	武汉市东湖新技术开发区关山大道1号光谷软件园1.1期产业楼A2栋2层 ', '42', '信息传输、软件和信息技术服务业', '——', '吴晓如', '10000', 'img/corp_icon.png');
INSERT INTO `t_map_corp` VALUES ('40', '天津智汇谷科技服务有限公司', '117.392672', '39.162337', '天津自贸试验区(空港经济区)空港国际物流区第二大街1号312室 ', '43', '	科学研究和技术服务业', '——', '江涛', '20000', 'img/corp_icon.png');
INSERT INTO `t_map_corp` VALUES ('41', '四川讯飞超脑信息科技有限公司', '104.088667', '30.407591', '中国(四川)自由贸易试验区成都市天府新区正兴街道湖畔路北段366号7栋1单元108号 ', '44', '信息传输、软件和信息技术服务业', '——', '徐玉林', '1000', 'img/corp_icon.png');
INSERT INTO `t_map_corp` VALUES ('42', '浙江讯飞智能科技有限公司', '120.254353', '30.209303', '浙江省杭州市萧山区萧山经济技术开发区启迪路198号A-B102-930室 ', '45', '信息传输、软件和信息技术服务业', '——', '徐玉林', '3000', 'img/corp_icon.png');
INSERT INTO `t_map_corp` VALUES ('43', '贵州讯飞智联科技有限公司 ', '106.473522', '26.593268', '贵州省贵阳市清镇市职教城东区将军石路贵州省公共实训中心内 ', '46', '	信息传输、软件和信息技术服务业', '——', '华夏', '1000', 'img/corp_icon.png');
INSERT INTO `t_map_corp` VALUES ('44', '安徽讯飞云创科技有限公司', '117.150584', '31.837449', '合肥市高新区望江西路666号科大讯飞语音基地一期项目研发中心大楼14层 ', '47', '	科学研究和技术服务业', '——', '胡郁', '10000', 'img/corp_icon.png');
INSERT INTO `t_map_corp` VALUES ('45', '贵州科讯慧黔信息科技有限公司 ', '106.479477', '26.561919', '	贵州省贵阳市清镇市红旗路130号', '48', '信息传输、软件和信息技术服务业', '——', '徐玉林', '1000', 'img/corp_icon.png');
INSERT INTO `t_map_corp` VALUES ('46', '吉林科讯教育科技有限公司', '125.296961', '43.847396', '	吉林省长春市朝阳区前进大街996号力旺广场B座16楼1631室 ', '49', '	信息传输、软件和信息技术服务业', '——', '徐玉林', '1000', 'img/corp_icon.png');
INSERT INTO `t_map_corp` VALUES ('47', '安徽讯飞优选机器人教育科技有限公司', '117.143777', '31.844601', '合肥市高新区创新大道2800号创新产业园二期H2楼501室', '50', '	科学研究和技术服务业', '——', '钟锟', '3000', 'img/corp_icon.png');
INSERT INTO `t_map_corp` VALUES ('48', '安徽东方讯飞教育科技有限公司', '117.196083', '31.835980', '合肥市高新区望江西路666号二号楼316室', '51', '教育', '——', '吴晓如', '2000', 'img/corp_icon.png');
INSERT INTO `t_map_corp` VALUES ('49', '贵州讯飞信息科技有限公司 ', '106.473522', '26.593268', '	贵州省贵阳市清镇市职教城东区将军石路贵州省公共实训中心内 ', '52', '租赁和商务服务业', '——', '徐玉林', '3000', 'img/corp_icon.png');
INSERT INTO `t_map_corp` VALUES ('50', '科大讯飞河北科技有限公司', '116.701975', '39.519048', '河北省廊坊市经济技术开发区1号路106号新亚研发大厦610-612 ', '53', '	信息传输、软件和信息技术服务业', '——', '江涛', '5000', 'img/corp_icon.png');
INSERT INTO `t_map_corp` VALUES ('51', '安徽知学科技有限公司', '117.150584', '31.837449', '合肥市高新区望江西路666号语音教学产品研发楼A2楼405室', '54', '	信息传输、软件和信息技术服务业', '——', '	王政', '10000', 'img/corp_icon.png');
INSERT INTO `t_map_corp` VALUES ('52', '重庆科大讯飞智能科技有限公司', '106.562683', '29.750316', '重庆市渝北区仙桃街道数据谷东路19号 ', '55', '	信息传输、软件和信息技术服务业', '——', '徐玉林', '3000', 'img/corp_icon.png');
INSERT INTO `t_map_corp` VALUES ('53', '江苏星网软件有限公司常州分公司', '119.990879', '31.827425', '常州市新北区兰翔二村13幢丙单元302室', '56', '信息传输、软件和信息技术服务业', '——', '张虎', null, 'img/corp_icon.png');
INSERT INTO `t_map_corp` VALUES ('54', '南京星网投资管理企业(有限合伙)', '118.745448', '31.998556', '南京市建邺区奥体大街69号新城科技园03幢5楼南', '57', '租赁和商务服务业', '——', '周炜', null, 'img/corp_icon.png');
INSERT INTO `t_map_corp` VALUES ('55', '江苏星网系统集成有限公司 ', '118.648666', '32.042275', '	南京高新区团结路100号107室', '58', '信息传输、软件和信息技术服务业', '——', '周炜', null, 'img/corp_icon.png');
INSERT INTO `t_map_corp` VALUES ('56', '江苏星网资讯有限公司', '118.944655', '31.344689', '	南京市高淳开发区恒盛路18号 ', '59', '信息传输、软件和信息技术服务业', '——', '周炜', null, 'img/corp_icon.png');
INSERT INTO `t_map_corp` VALUES ('57', '南京星网投资管理企业', '118.650434', '32.040694', '南京市江北新区南京软件园(西区)团结路100号154室', '61', '信息传输、软件和信息技术服务业', '——', null, null, 'img/corp_icon.png');

-- ----------------------------
-- Table structure for `t_query_history`
-- ----------------------------
DROP TABLE IF EXISTS `t_query_history`;
CREATE TABLE `t_query_history` (
  `ID` int(10) unsigned NOT NULL AUTO_INCREMENT COMMENT '主键',
  `USER_ACCOUNT` varchar(255) NOT NULL COMMENT '用户账号',
  `QUERY_CORP_NAME` varchar(255) NOT NULL COMMENT '查询公司的名称',
  PRIMARY KEY (`ID`)
) ENGINE=InnoDB AUTO_INCREMENT=190 DEFAULT CHARSET=utf8;

-- ----------------------------
-- Records of t_query_history
-- ----------------------------
INSERT INTO `t_query_history` VALUES ('136', '15755332393', '江苏星网软件有限公司');
INSERT INTO `t_query_history` VALUES ('137', '15755332393', '常州星网资讯有限公司');
INSERT INTO `t_query_history` VALUES ('138', '15755332393', '江苏省科技贸易公司');
INSERT INTO `t_query_history` VALUES ('139', '15755332393', '上海宝信软件股份有限公司');
INSERT INTO `t_query_history` VALUES ('140', '15755332393', '苏州瑞华云财务共享科技有限公司');
INSERT INTO `t_query_history` VALUES ('141', '15755332393', '苏州贝尔普软件有限公司');
INSERT INTO `t_query_history` VALUES ('142', '2419304297', '江苏星网软件有限公司');
INSERT INTO `t_query_history` VALUES ('143', '2419304297', '上海宝信软件股份有限公司');
INSERT INTO `t_query_history` VALUES ('144', '2419304297', '苏州贝尔普软件有限公司');
INSERT INTO `t_query_history` VALUES ('145', '2419304297', '江苏星网软件有限公司苏州分公司');
INSERT INTO `t_query_history` VALUES ('146', '2419304297', '江苏星网软件有限公司无锡分公司 ');
INSERT INTO `t_query_history` VALUES ('147', '2419304297', '常州星网资讯有限公司');
INSERT INTO `t_query_history` VALUES ('148', '13705553364', '常州星网资讯有限公司');
INSERT INTO `t_query_history` VALUES ('149', '13705553364', '江苏星网软件有限公司镇江分公司');
INSERT INTO `t_query_history` VALUES ('150', '13705553364', '江苏星网软件有限公司');
INSERT INTO `t_query_history` VALUES ('151', '13705553364', '江苏星网软件有限公司苏州分公司');
INSERT INTO `t_query_history` VALUES ('152', '13705553364', '上海宝信软件股份有限公司');
INSERT INTO `t_query_history` VALUES ('153', '18755540343', '苏州瑞华云财务共享科技有限公司');
INSERT INTO `t_query_history` VALUES ('154', '18755540343', '苏州贝尔普软件有限公司');
INSERT INTO `t_query_history` VALUES ('155', '18755540343', '上海宝信软件股份有限公司 ');
INSERT INTO `t_query_history` VALUES ('156', '18755540343', '宝信软件(成都)有限公司');
INSERT INTO `t_query_history` VALUES ('157', '18755540343', '江苏省科技贸易公司');
INSERT INTO `t_query_history` VALUES ('158', '15755505714', '江苏省科技贸易公司');
INSERT INTO `t_query_history` VALUES ('159', '15755505714', '苏州瑞华云财务共享科技有限公司');
INSERT INTO `t_query_history` VALUES ('160', '15755505714', '上海苏新科贸有限公司');
INSERT INTO `t_query_history` VALUES ('161', '15755505714', '上海宝信软件股份有限公司');
INSERT INTO `t_query_history` VALUES ('162', '15755505714', '天津众智天成科技有限公司');
INSERT INTO `t_query_history` VALUES ('163', '15755505714', '常州星网资讯有限公司');
INSERT INTO `t_query_history` VALUES ('164', '15755505714', '江苏星网软件有限公司苏州分公司');
INSERT INTO `t_query_history` VALUES ('165', '15755332394', '苏州贝尔普软件有限公司');
INSERT INTO `t_query_history` VALUES ('166', '15755332394', '江苏星网软件有限公司苏州分公司');
INSERT INTO `t_query_history` VALUES ('167', '15755332394', '江苏星网软件有限公司镇江分公司');
INSERT INTO `t_query_history` VALUES ('168', '15755332394', '宝信软件(成都)有限公司');
INSERT INTO `t_query_history` VALUES ('169', '15755332394', '天津众智天成科技有限公司');
INSERT INTO `t_query_history` VALUES ('170', '15755332395', '上海苏新科贸有限公司');
INSERT INTO `t_query_history` VALUES ('171', '15755332395', '江苏世纪园林建筑工程有限公司');
INSERT INTO `t_query_history` VALUES ('172', '15755332395', '江苏省科技贸易公司');
INSERT INTO `t_query_history` VALUES ('173', '15755332395', '江苏星网软件有限公司盐城分公司');
INSERT INTO `t_query_history` VALUES ('174', '15755332395', '江苏星网软件有限公司苏州分公司');
INSERT INTO `t_query_history` VALUES ('175', '15755332395', '苏州瑞华云财务共享科技有限公司');
INSERT INTO `t_query_history` VALUES ('176', '15755332395', '天津众智天成科技有限公司');
INSERT INTO `t_query_history` VALUES ('177', '15755332394', '苏州瑞华云财务共享科技有限公司');
INSERT INTO `t_query_history` VALUES ('178', '15755332393', '江苏星网软件有限公司扬州分公司');
INSERT INTO `t_query_history` VALUES ('179', '15755337183', '江苏鹏为软件有限公司');
INSERT INTO `t_query_history` VALUES ('180', '15755332393', '江苏鹏为软件有限公司');
INSERT INTO `t_query_history` VALUES ('181', '15755332393', '南京黄山岛科技会议服务有限公司');
INSERT INTO `t_query_history` VALUES ('182', '2419304297', '苏州瑞华云财务共享科技有限公司');
INSERT INTO `t_query_history` VALUES ('183', '13705553364', '苏州瑞华云财务共享科技有限公司');
INSERT INTO `t_query_history` VALUES ('184', '15755337183', '苏州瑞华云财务共享科技有限公司');
INSERT INTO `t_query_history` VALUES ('185', '15755337183', '江苏星网软件有限公司');
INSERT INTO `t_query_history` VALUES ('186', '15755337183', '江苏鹏为置业有限公司');
INSERT INTO `t_query_history` VALUES ('187', '15755332393', '江苏星网软件有限公司苏州分公司');
INSERT INTO `t_query_history` VALUES ('188', '15755332393', '扬州中鹏科技服务有限公司');
INSERT INTO `t_query_history` VALUES ('189', '15755332393', '科大讯飞股份有限公司');

-- ----------------------------
-- Table structure for `t_user`
-- ----------------------------
DROP TABLE IF EXISTS `t_user`;
CREATE TABLE `t_user` (
  `ID` int(11) unsigned NOT NULL AUTO_INCREMENT COMMENT '主键',
  `ACCOUNT` varchar(255) NOT NULL COMMENT '用户账号',
  `PASSWORD` varchar(255) NOT NULL COMMENT '用户密码',
  `NICKNAME` varchar(255) NOT NULL COMMENT '用户昵称',
  PRIMARY KEY (`ID`,`ACCOUNT`),
  KEY `ID` (`ID`)
) ENGINE=InnoDB AUTO_INCREMENT=11 DEFAULT CHARSET=utf8;

-- ----------------------------
-- Records of t_user
-- ----------------------------
INSERT INTO `t_user` VALUES ('3', '15755332393', '1234', '小易');
INSERT INTO `t_user` VALUES ('4', '2419304297', '1234', 'YJL');
INSERT INTO `t_user` VALUES ('5', '13705553364', '1234', '张三');
INSERT INTO `t_user` VALUES ('6', '18755540343', '1234', '李四');
INSERT INTO `t_user` VALUES ('7', '15755505714', '1234', '王五');
INSERT INTO `t_user` VALUES ('8', '15755332394', '1234', '小明同学');
INSERT INTO `t_user` VALUES ('9', '15755332395', '1234', '小红同学');
INSERT INTO `t_user` VALUES ('10', '15755337183', '121212', '琪琪');
